Title,GitHubCoverURL
Silent Hill f,https://mrchristianq.github.io/chris-delicious-library/covers/games/silent-hill-f.jpg
Trails in the Sky 1st Chapter,https://mrchristianq.github.io/chris-delicious-library/covers/games/trails-in-the-sky-1st-chapter.jpg
Dying Light: The Beast,https://mrchristianq.github.io/chris-delicious-library/covers/games/dying-light-the-beast.jpg
Hell is Us,https://mrchristianq.github.io/chris-delicious-library/covers/games/hell-is-us.jpg
Metal Gear Solid Delta: Snake Eater,https://mrchristianq.github.io/chris-delicious-library/covers/games/metal-gear-solid-delta-snake-eater.jpg
Echoes of the End,https://mrchristianq.github.io/chris-delicious-library/covers/games/echoes-of-the-end.jpg
Mafia: The Old Country,https://mrchristianq.github.io/chris-delicious-library/covers/games/mafia-the-old-country.jpg
Donkey Kong Bananza,https://mrchristianq.github.io/chris-delicious-library/covers/games/donkey-kong-bananza.jpg
Death Stranding 2: On The Beach,https://mrchristianq.github.io/chris-delicious-library/covers/games/death-stranding-2-on-the-beach.jpg
MindsEye,https://mrchristianq.github.io/chris-delicious-library/covers/games/mindseye.jpg
The Legend of Zelda: Tears of the Kingdom - Nintendo Switch 2 Edition,https://mrchristianq.github.io/chris-delicious-library/covers/games/the-legend-of-zelda-tears-of-the-kingdom-nintendo-.jpg
The Legend of Zelda: Breath of the Wild - Nintendo Switch 2 Edition,https://mrchristianq.github.io/chris-delicious-library/covers/games/the-legend-of-zelda-breath-of-the-wild-nintendo-sw.jpg
Project Warlock,https://mrchristianq.github.io/chris-delicious-library/covers/games/project-warlock.jpg
Tainted Grail: The Fall of Avalon,https://mrchristianq.github.io/chris-delicious-library/covers/games/tainted-grail-the-fall-of-avalon.jpg
Deliver At All Costs,https://mrchristianq.github.io/chris-delicious-library/covers/games/deliver-at-all-costs.jpg
Captain Blood,https://mrchristianq.github.io/chris-delicious-library/covers/games/captain-blood.jpg
Clair Obscur: Expedition 33,https://mrchristianq.github.io/chris-delicious-library/covers/games/clair-obscur-expedition-33.jpg
The Elder Scrolls IV: Oblivion Remastered,https://mrchristianq.github.io/chris-delicious-library/covers/games/the-elder-scrolls-iv-oblivion-remastered.jpg
South of Midnight,https://mrchristianq.github.io/chris-delicious-library/covers/games/south-of-midnight.jpg
The First Berserker: Khazan,https://mrchristianq.github.io/chris-delicious-library/covers/games/the-first-berserker-khazan.jpg
Assassin's Creed Shadows,https://mrchristianq.github.io/chris-delicious-library/covers/games/assassins-creed-shadows.jpg
Avowed,https://mrchristianq.github.io/chris-delicious-library/covers/games/avowed.jpg
Lost Records: Bloom & Rage,https://mrchristianq.github.io/chris-delicious-library/covers/games/lost-records-bloom-rage.jpg
Indiana Jones and the Great Circle,https://mrchristianq.github.io/chris-delicious-library/covers/games/indiana-jones-and-the-great-circle.jpg
Dragon Quest III HD-2D Remake,https://mrchristianq.github.io/chris-delicious-library/covers/games/dragon-quest-iii-hd-2d-remake.jpg
Metro Awakening,https://mrchristianq.github.io/chris-delicious-library/covers/games/metro-awakening.jpg
Dragon Age: The Veilguard,https://mrchristianq.github.io/chris-delicious-library/covers/games/dragon-age-the-veilguard.jpg
Shadows of the Damned: Hella Remastered,https://mrchristianq.github.io/chris-delicious-library/covers/games/shadows-of-the-damned-hella-remastered.jpg
Life is Strange: Double Exposure,https://mrchristianq.github.io/chris-delicious-library/covers/games/life-is-strange-double-exposure.jpg
Call of Duty: Black Ops 6,https://mrchristianq.github.io/chris-delicious-library/covers/games/call-of-duty-black-ops-6.jpg
The Jackbox Survey Scramble,https://mrchristianq.github.io/chris-delicious-library/covers/games/the-jackbox-survey-scramble.jpg
Alan Wake II: The Lake House,https://mrchristianq.github.io/chris-delicious-library/covers/games/alan-wake-ii-the-lake-house.jpg
RetroRealms Double Feature: Halloween + Ash vs. Evil Dead,https://mrchristianq.github.io/chris-delicious-library/covers/games/retrorealms-double-feature-halloween-ash-vs-evil-d.jpg
Metaphor: ReFantazio - Atlus 35th Digital Anniversary Edition,https://mrchristianq.github.io/chris-delicious-library/covers/games/metaphor-refantazio-atlus-35th-digital-anniversary.jpg
Silent Hill 2,https://mrchristianq.github.io/chris-delicious-library/covers/games/silent-hill-2.jpg
Until Dawn,https://mrchristianq.github.io/chris-delicious-library/covers/games/until-dawn.jpg
Starfield: Shattered Space,https://mrchristianq.github.io/chris-delicious-library/covers/games/starfield-shattered-space.jpg
Monopoly,https://mrchristianq.github.io/chris-delicious-library/covers/games/monopoly.jpg
The Legend of Zelda: Echoes of Wisdom,https://mrchristianq.github.io/chris-delicious-library/covers/games/the-legend-of-zelda-echoes-of-wisdom.jpg
Witchfire,https://mrchristianq.github.io/chris-delicious-library/covers/games/witchfire.jpg
Final Fantasy XVI: Complete Edition,https://mrchristianq.github.io/chris-delicious-library/covers/games/final-fantasy-xvi-complete-edition.jpg
Prince of Persia: The Lost Crown - Dark Prince Skin,https://mrchristianq.github.io/chris-delicious-library/covers/games/prince-of-persia-the-lost-crown-dark-prince-skin.jpg
Lollipop Chainsaw RePop,https://mrchristianq.github.io/chris-delicious-library/covers/games/lollipop-chainsaw-repop.jpg
Astro Bot,https://mrchristianq.github.io/chris-delicious-library/covers/games/astro-bot.jpg
The Casting of Frank Stone,https://mrchristianq.github.io/chris-delicious-library/covers/games/the-casting-of-frank-stone.jpg
Star Wars Outlaws,https://mrchristianq.github.io/chris-delicious-library/covers/games/star-wars-outlaws.jpg
Visions of Mana,https://mrchristianq.github.io/chris-delicious-library/covers/games/visions-of-mana.jpg
Black Myth: Wukong,https://mrchristianq.github.io/chris-delicious-library/covers/games/black-myth-wukong.jpg
Atlas Fallen: Reign of Sand,https://mrchristianq.github.io/chris-delicious-library/covers/games/atlas-fallen-reign-of-sand.jpg
Star Wars: Bounty Hunter,https://mrchristianq.github.io/chris-delicious-library/covers/games/star-wars-bounty-hunter.jpg
Senua's Saga: Hellblade II,https://mrchristianq.github.io/chris-delicious-library/covers/games/senuas-saga-hellblade-ii.jpg
Sand Land,https://mrchristianq.github.io/chris-delicious-library/covers/games/sand-land.jpg
Eiyuden Chronicle: Hundred Heroes,https://mrchristianq.github.io/chris-delicious-library/covers/games/eiyuden-chronicle-hundred-heroes.jpg
Dragon's Dogma II,https://mrchristianq.github.io/chris-delicious-library/covers/games/dragons-dogma-ii.jpg
Rise of the Ronin,https://mrchristianq.github.io/chris-delicious-library/covers/games/rise-of-the-ronin.jpg
Midnight Ghost Hunt,https://mrchristianq.github.io/chris-delicious-library/covers/games/midnight-ghost-hunt.jpg
Alone in the Dark,https://mrchristianq.github.io/chris-delicious-library/covers/games/alone-in-the-dark.jpg
Taxi Life: A City Driving Simulator,https://mrchristianq.github.io/chris-delicious-library/covers/games/taxi-life-a-city-driving-simulator.jpg
The Thaumaturge,https://mrchristianq.github.io/chris-delicious-library/covers/games/the-thaumaturge.jpg
Final Fantasy VII Rebirth,https://mrchristianq.github.io/chris-delicious-library/covers/games/final-fantasy-vii-rebirth.jpg
Balatro,https://mrchristianq.github.io/chris-delicious-library/covers/games/balatro.jpg
Tomb Raider I•II•III Remastered,https://mrchristianq.github.io/chris-delicious-library/covers/games/tomb-raider-iiiiii-remastered.jpg
Banishers: Ghosts of New Eden,https://mrchristianq.github.io/chris-delicious-library/covers/games/banishers-ghosts-of-new-eden.jpg
Suicide Squad: Kill the Justice League,https://mrchristianq.github.io/chris-delicious-library/covers/games/suicide-squad-kill-the-justice-league.jpg
Granblue Fantasy: Relink,https://mrchristianq.github.io/chris-delicious-library/covers/games/granblue-fantasy-relink.jpg
Like a Dragon: Infinite Wealth,https://mrchristianq.github.io/chris-delicious-library/covers/games/like-a-dragon-infinite-wealth.jpg
The Last of Us Part II Remastered,https://mrchristianq.github.io/chris-delicious-library/covers/games/the-last-of-us-part-ii-remastered.jpg
Portal: Revolution,https://mrchristianq.github.io/chris-delicious-library/covers/games/portal-revolution.jpg
Asgard’s Wrath II,https://mrchristianq.github.io/chris-delicious-library/covers/games/asgards-wrath-ii.jpg
Fortnite Festival,https://mrchristianq.github.io/chris-delicious-library/covers/games/fortnite-festival.jpg
Avatar: Frontiers of Pandora,https://mrchristianq.github.io/chris-delicious-library/covers/games/avatar-frontiers-of-pandora.jpg
Blood West,https://mrchristianq.github.io/chris-delicious-library/covers/games/blood-west.jpg
Snakebird Complete,https://mrchristianq.github.io/chris-delicious-library/covers/games/snakebird-complete.jpg
Super Mario RPG,https://mrchristianq.github.io/chris-delicious-library/covers/games/super-mario-rpg.jpg
The Last Faith,https://mrchristianq.github.io/chris-delicious-library/covers/games/the-last-faith.jpg
Call of Duty: Modern Warfare III,https://mrchristianq.github.io/chris-delicious-library/covers/games/call-of-duty-modern-warfare-iii.jpg
Like a Dragon Gaiden: The Man Who Erased His Name,https://mrchristianq.github.io/chris-delicious-library/covers/games/like-a-dragon-gaiden-the-man-who-erased-his-name.jpg
The Invincible,https://mrchristianq.github.io/chris-delicious-library/covers/games/the-invincible.jpg
RoboCop: Rogue City,https://mrchristianq.github.io/chris-delicious-library/covers/games/robocop-rogue-city.jpg
Star Ocean: The Second Story R,https://mrchristianq.github.io/chris-delicious-library/covers/games/star-ocean-the-second-story-r.jpg
My Time at Sandrock,https://mrchristianq.github.io/chris-delicious-library/covers/games/my-time-at-sandrock.jpg
Jusant,https://mrchristianq.github.io/chris-delicious-library/covers/games/jusant.jpg
Alan Wake II,https://mrchristianq.github.io/chris-delicious-library/covers/games/alan-wake-ii.jpg
The Lord of the Rings: Return to Moria,https://mrchristianq.github.io/chris-delicious-library/covers/games/the-lord-of-the-rings-return-to-moria.jpg
Super Mario Bros. Wonder,https://mrchristianq.github.io/chris-delicious-library/covers/games/super-mario-bros-wonder.jpg
Marvel's Spider-Man 2,https://mrchristianq.github.io/chris-delicious-library/covers/games/marvels-spider-man-2.jpg
Sonic Superstars,https://mrchristianq.github.io/chris-delicious-library/covers/games/sonic-superstars.jpg
Forza Motorsport,https://mrchristianq.github.io/chris-delicious-library/covers/games/forza-motorsport.jpg
Assassin's Creed Mirage,https://mrchristianq.github.io/chris-delicious-library/covers/games/assassins-creed-mirage.jpg
Station to Station,https://mrchristianq.github.io/chris-delicious-library/covers/games/station-to-station.jpg
Cyberpunk 2077: Phantom Liberty,https://mrchristianq.github.io/chris-delicious-library/covers/games/cyberpunk-2077-phantom-liberty.jpg
Resident Evil 4: Separate Ways,https://mrchristianq.github.io/chris-delicious-library/covers/games/resident-evil-4-separate-ways.jpg
Renfield: Bring Your Own Blood,https://mrchristianq.github.io/chris-delicious-library/covers/games/renfield-bring-your-own-blood.jpg
Lies of P,https://mrchristianq.github.io/chris-delicious-library/covers/games/lies-of-p.jpg
Starfield,https://mrchristianq.github.io/chris-delicious-library/covers/games/starfield.jpg
Immortals of Aveum,https://mrchristianq.github.io/chris-delicious-library/covers/games/immortals-of-aveum.jpg
Bomb Rush Cyberfunk,https://mrchristianq.github.io/chris-delicious-library/covers/games/bomb-rush-cyberfunk.jpg
Shadow Gambit: The Cursed Crew,https://mrchristianq.github.io/chris-delicious-library/covers/games/shadow-gambit-the-cursed-crew.jpg
Black Skylands,https://mrchristianq.github.io/chris-delicious-library/covers/games/black-skylands.jpg
WrestleQuest,https://mrchristianq.github.io/chris-delicious-library/covers/games/wrestlequest.jpg
Baldur's Gate III,https://mrchristianq.github.io/chris-delicious-library/covers/games/baldurs-gate-iii.jpg
Remnant II,https://mrchristianq.github.io/chris-delicious-library/covers/games/remnant-ii.jpg
Oxenfree II: Lost Signals,https://mrchristianq.github.io/chris-delicious-library/covers/games/oxenfree-ii-lost-signals.jpg
Dave the Diver,https://mrchristianq.github.io/chris-delicious-library/covers/games/dave-the-diver.jpg
Final Fantasy XVI,https://mrchristianq.github.io/chris-delicious-library/covers/games/final-fantasy-xvi.jpg
Diablo IV,https://mrchristianq.github.io/chris-delicious-library/covers/games/diablo-iv.jpg
Amnesia: The Bunker,https://mrchristianq.github.io/chris-delicious-library/covers/games/amnesia-the-bunker.jpg
Star Trek: Resurgence,https://mrchristianq.github.io/chris-delicious-library/covers/games/star-trek-resurgence.jpg
LEGO 2K Drive,https://mrchristianq.github.io/chris-delicious-library/covers/games/lego-2k-drive.jpg
Loop Hero,https://mrchristianq.github.io/chris-delicious-library/covers/games/loop-hero.jpg
Bus Simulator 21: Next Stop,https://mrchristianq.github.io/chris-delicious-library/covers/games/bus-simulator-21-next-stop.jpg
The Legend of Zelda: Tears of the Kingdom,https://mrchristianq.github.io/chris-delicious-library/covers/games/the-legend-of-zelda-tears-of-the-kingdom.jpg
Darkest Dungeon II,https://mrchristianq.github.io/chris-delicious-library/covers/games/darkest-dungeon-ii.jpg
Redfall,https://mrchristianq.github.io/chris-delicious-library/covers/games/redfall.jpg
Star Wars Jedi: Survivor,https://mrchristianq.github.io/chris-delicious-library/covers/games/star-wars-jedi-survivor.jpg
Afterimage,https://mrchristianq.github.io/chris-delicious-library/covers/games/afterimage.jpg
Dead Island 2,https://mrchristianq.github.io/chris-delicious-library/covers/games/dead-island-2.jpg
Minecraft: Legends,https://mrchristianq.github.io/chris-delicious-library/covers/games/minecraft-legends.jpg
Dredge,https://mrchristianq.github.io/chris-delicious-library/covers/games/dredge.jpg
Crime Boss: Rockay City,https://mrchristianq.github.io/chris-delicious-library/covers/games/crime-boss-rockay-city.jpg
The Outer Worlds: Spacer's Choice Edition,https://mrchristianq.github.io/chris-delicious-library/covers/games/the-outer-worlds-spacers-choice-edition.jpg
Wo Long: Fallen Dynasty,https://mrchristianq.github.io/chris-delicious-library/covers/games/wo-long-fallen-dynasty.jpg
Atomic Heart,https://mrchristianq.github.io/chris-delicious-library/covers/games/atomic-heart.jpg
Grime,https://mrchristianq.github.io/chris-delicious-library/covers/games/grime.jpg
Wanted: Dead,https://mrchristianq.github.io/chris-delicious-library/covers/games/wanted-dead.jpg
Hogwarts Legacy,https://mrchristianq.github.io/chris-delicious-library/covers/games/hogwarts-legacy.jpg
Deliver Us Mars,https://mrchristianq.github.io/chris-delicious-library/covers/games/deliver-us-mars.jpg
Hi-Fi Rush,https://mrchristianq.github.io/chris-delicious-library/covers/games/hi-fi-rush.jpg
Forspoken,https://mrchristianq.github.io/chris-delicious-library/covers/games/forspoken.jpg
One Piece Odyssey,https://mrchristianq.github.io/chris-delicious-library/covers/games/one-piece-odyssey.jpg
Super Mario Odyssey F.L.U.D.D.,https://mrchristianq.github.io/chris-delicious-library/covers/games/super-mario-odyssey-fludd.jpg
Fall Guys: Free Range Fall Guys Pack,https://mrchristianq.github.io/chris-delicious-library/covers/games/fall-guys-free-range-fall-guys-pack.jpg
Blacktail,https://mrchristianq.github.io/chris-delicious-library/covers/games/blacktail.jpg
River City Girls 2,https://mrchristianq.github.io/chris-delicious-library/covers/games/river-city-girls-2.jpg
High on Life,https://mrchristianq.github.io/chris-delicious-library/covers/games/high-on-life.jpg
Crisis Core: Final Fantasy VII - Reunion,https://mrchristianq.github.io/chris-delicious-library/covers/games/crisis-core-final-fantasy-vii-reunion.jpg
Chained Echoes,https://mrchristianq.github.io/chris-delicious-library/covers/games/chained-echoes.jpg
Portal with RTX,https://mrchristianq.github.io/chris-delicious-library/covers/games/portal-with-rtx.jpg
Marvel's Midnight Suns,https://mrchristianq.github.io/chris-delicious-library/covers/games/marvels-midnight-suns.jpg
The Callisto Protocol,https://mrchristianq.github.io/chris-delicious-library/covers/games/the-callisto-protocol.jpg
Evil West,https://mrchristianq.github.io/chris-delicious-library/covers/games/evil-west.jpg
The Dark Pictures Anthology: The Devil in Me,https://mrchristianq.github.io/chris-delicious-library/covers/games/the-dark-pictures-anthology-the-devil-in-me.jpg
Dead Cells+,https://mrchristianq.github.io/chris-delicious-library/covers/games/dead-cells.jpg
Somerville,https://mrchristianq.github.io/chris-delicious-library/covers/games/somerville.jpg
The Chant,https://mrchristianq.github.io/chris-delicious-library/covers/games/the-chant.jpg
Neon Abyss: Deluxe Edition,https://mrchristianq.github.io/chris-delicious-library/covers/games/neon-abyss-deluxe-edition.jpg
Resident Evil Village: Gold Edition,https://mrchristianq.github.io/chris-delicious-library/covers/games/resident-evil-village-gold-edition.jpg
Resident Evil Re:Verse,https://mrchristianq.github.io/chris-delicious-library/covers/games/resident-evil-reverse.jpg
Gotham Knights,https://mrchristianq.github.io/chris-delicious-library/covers/games/gotham-knights.jpg
Hell is Others,https://mrchristianq.github.io/chris-delicious-library/covers/games/hell-is-others.jpg
Crisis Brigade 2: Reloaded,https://mrchristianq.github.io/chris-delicious-library/covers/games/crisis-brigade-2-reloaded.jpg
Roadwarden,https://mrchristianq.github.io/chris-delicious-library/covers/games/roadwarden.jpg
Steelrising,https://mrchristianq.github.io/chris-delicious-library/covers/games/steelrising.jpg
Odd Guy Meets Odd Farmers,https://mrchristianq.github.io/chris-delicious-library/covers/games/odd-guy-meets-odd-farmers.jpg
The Last of Us Part I,https://mrchristianq.github.io/chris-delicious-library/covers/games/the-last-of-us-part-i.jpg
Are You Smarter than a 5th Grader?,https://mrchristianq.github.io/chris-delicious-library/covers/games/are-you-smarter-than-a-5th-grader.jpg
Quake Champions,https://mrchristianq.github.io/chris-delicious-library/covers/games/quake-champions.jpg
Rollerdrome,https://mrchristianq.github.io/chris-delicious-library/covers/games/rollerdrome.jpg
Arcade Paradise,https://mrchristianq.github.io/chris-delicious-library/covers/games/arcade-paradise.jpg
Xenoblade Chronicles 3,https://mrchristianq.github.io/chris-delicious-library/covers/games/xenoblade-chronicles-3.jpg
Stray,https://mrchristianq.github.io/chris-delicious-library/covers/games/stray.jpg
Escape Academy,https://mrchristianq.github.io/chris-delicious-library/covers/games/escape-academy.jpg
Teenage Mutant Ninja Turtles: Shredder's Revenge,https://mrchristianq.github.io/chris-delicious-library/covers/games/teenage-mutant-ninja-turtles-shredders-revenge.jpg
OlliOlli World: Void Riders,https://mrchristianq.github.io/chris-delicious-library/covers/games/olliolli-world-void-riders.jpg
The Quarry,https://mrchristianq.github.io/chris-delicious-library/covers/games/the-quarry.jpg
Eternal Threads,https://mrchristianq.github.io/chris-delicious-library/covers/games/eternal-threads.jpg
Evil Dead: The Game,https://mrchristianq.github.io/chris-delicious-library/covers/games/evil-dead-the-game.jpg
Marvel's Guardians of the Galaxy + Marvel's Avengers,https://mrchristianq.github.io/chris-delicious-library/covers/games/marvels-guardians-of-the-galaxy-marvels-avengers.jpg
Trek to Yomi,https://mrchristianq.github.io/chris-delicious-library/covers/games/trek-to-yomi.jpg
Rogue Legacy 2,https://mrchristianq.github.io/chris-delicious-library/covers/games/rogue-legacy-2.jpg
Zombie Army 4: Dead War - Left 4 Dead Bundle,https://mrchristianq.github.io/chris-delicious-library/covers/games/zombie-army-4-dead-war-left-4-dead-bundle.jpg
The House of the Dead: Remake,https://mrchristianq.github.io/chris-delicious-library/covers/games/the-house-of-the-dead-remake.jpg
Chrono Cross: The Radical Dreamers Edition,https://mrchristianq.github.io/chris-delicious-library/covers/games/chrono-cross-the-radical-dreamers-edition.jpg
Chrono Cross,https://mrchristianq.github.io/chris-delicious-library/covers/games/chrono-cross.jpg
The House of the Dead 2: Remake,https://mrchristianq.github.io/chris-delicious-library/covers/games/the-house-of-the-dead-2-remake.jpg
LEGO Star Wars: The Skywalker Saga,https://mrchristianq.github.io/chris-delicious-library/covers/games/lego-star-wars-the-skywalker-saga.jpg
Tiny Tina's Wonderlands,https://mrchristianq.github.io/chris-delicious-library/covers/games/tiny-tinas-wonderlands.jpg
Ghostwire: Tokyo,https://mrchristianq.github.io/chris-delicious-library/covers/games/ghostwire-tokyo.jpg
Mario Kart 8 Deluxe: Booster Course Pass,https://mrchristianq.github.io/chris-delicious-library/covers/games/mario-kart-8-deluxe-booster-course-pass.jpg
Gran Turismo 7,https://mrchristianq.github.io/chris-delicious-library/covers/games/gran-turismo-7.jpg
Elex II,https://mrchristianq.github.io/chris-delicious-library/covers/games/elex-ii.jpg
Shadow Warrior 3,https://mrchristianq.github.io/chris-delicious-library/covers/games/shadow-warrior-3.jpg
Elex II,https://mrchristianq.github.io/chris-delicious-library/covers/games/elex-ii.jpg
Elden Ring,https://mrchristianq.github.io/chris-delicious-library/covers/games/elden-ring.jpg
Horizon Forbidden West,https://mrchristianq.github.io/chris-delicious-library/covers/games/horizon-forbidden-west.jpg
River City Girls Zero,https://mrchristianq.github.io/chris-delicious-library/covers/games/river-city-girls-zero.jpg
Sifu,https://mrchristianq.github.io/chris-delicious-library/covers/games/sifu.jpg
Dying Light 2: Stay Human,https://mrchristianq.github.io/chris-delicious-library/covers/games/dying-light-2-stay-human.jpg
Vampire Survivors,https://mrchristianq.github.io/chris-delicious-library/covers/games/vampire-survivors.jpg
Uncharted: Legacy of Thieves Collection,https://mrchristianq.github.io/chris-delicious-library/covers/games/uncharted-legacy-of-thieves-collection.jpg
The Legend of Zelda: The Wind Waker Multiplayer,https://mrchristianq.github.io/chris-delicious-library/covers/games/the-legend-of-zelda-the-wind-waker-multiplayer.jpg
Alien: Isolation,https://mrchristianq.github.io/chris-delicious-library/covers/games/alien-isolation.jpg
Godfall: Challenger Edition,https://mrchristianq.github.io/chris-delicious-library/covers/games/godfall-challenger-edition.jpg
Halo Infinite,https://mrchristianq.github.io/chris-delicious-library/covers/games/halo-infinite.jpg
Jurassic World Evolution 2,https://mrchristianq.github.io/chris-delicious-library/covers/games/jurassic-world-evolution-2.jpg
Tiny Tina's Assault on Dragon Keep: A Wonderlands One-shot Adventure,https://mrchristianq.github.io/chris-delicious-library/covers/games/tiny-tinas-assault-on-dragon-keep-a-wonderlands-on.jpg
Call of Duty: Vanguard,https://mrchristianq.github.io/chris-delicious-library/covers/games/call-of-duty-vanguard.jpg
Forza Horizon 5: Premium Edition,https://mrchristianq.github.io/chris-delicious-library/covers/games/forza-horizon-5-premium-edition.jpg
Riders Republic,https://mrchristianq.github.io/chris-delicious-library/covers/games/riders-republic.jpg
The Dark Pictures Anthology: House of Ashes,https://mrchristianq.github.io/chris-delicious-library/covers/games/the-dark-pictures-anthology-house-of-ashes.jpg
Far Cry 6,https://mrchristianq.github.io/chris-delicious-library/covers/games/far-cry-6.jpg
Alan Wake Remastered,https://mrchristianq.github.io/chris-delicious-library/covers/games/alan-wake-remastered.jpg
Hot Wheels Unleashed,https://mrchristianq.github.io/chris-delicious-library/covers/games/hot-wheels-unleashed.jpg
In Sound Mind,https://mrchristianq.github.io/chris-delicious-library/covers/games/in-sound-mind.jpg
Lost Judgment,https://mrchristianq.github.io/chris-delicious-library/covers/games/lost-judgment.jpg
Sable,https://mrchristianq.github.io/chris-delicious-library/covers/games/sable.jpg
Diablo II: Resurrected,https://mrchristianq.github.io/chris-delicious-library/covers/games/diablo-ii-resurrected.jpg
Kena: Bridge of Spirits,https://mrchristianq.github.io/chris-delicious-library/covers/games/kena-bridge-of-spirits.jpg
Aragami 2,https://mrchristianq.github.io/chris-delicious-library/covers/games/aragami-2.jpg
Severed Steel,https://mrchristianq.github.io/chris-delicious-library/covers/games/severed-steel.jpg
Gamedec,https://mrchristianq.github.io/chris-delicious-library/covers/games/gamedec.jpg
Gas Station Simulator,https://mrchristianq.github.io/chris-delicious-library/covers/games/gas-station-simulator.jpg
Deathloop,https://mrchristianq.github.io/chris-delicious-library/covers/games/deathloop.jpg
Tales of Arise,https://mrchristianq.github.io/chris-delicious-library/covers/games/tales-of-arise.jpg
Life is Strange: True Colors,https://mrchristianq.github.io/chris-delicious-library/covers/games/life-is-strange-true-colors.jpg
The Artful Escape,https://mrchristianq.github.io/chris-delicious-library/covers/games/the-artful-escape.jpg
Encased,https://mrchristianq.github.io/chris-delicious-library/covers/games/encased.jpg
F.I.S.T.: Forged In Shadow Torch,https://mrchristianq.github.io/chris-delicious-library/covers/games/fist-forged-in-shadow-torch.jpg
Sonic Colors: Ultimate,https://mrchristianq.github.io/chris-delicious-library/covers/games/sonic-colors-ultimate.jpg
Devil May Cry 5 + Vergil,https://mrchristianq.github.io/chris-delicious-library/covers/games/devil-may-cry-5-vergil.jpg
Aliens: Fireteam Elite,https://mrchristianq.github.io/chris-delicious-library/covers/games/aliens-fireteam-elite.jpg
Twelve Minutes,https://mrchristianq.github.io/chris-delicious-library/covers/games/twelve-minutes.jpg
Omno,https://mrchristianq.github.io/chris-delicious-library/covers/games/omno.jpg
Tribes of Midgard,https://mrchristianq.github.io/chris-delicious-library/covers/games/tribes-of-midgard.jpg
Baldo: The Guardian Owls,https://mrchristianq.github.io/chris-delicious-library/covers/games/baldo-the-guardian-owls.jpg
Death's Door,https://mrchristianq.github.io/chris-delicious-library/covers/games/deaths-door.jpg
The Legend of Zelda: Skyward Sword HD,https://mrchristianq.github.io/chris-delicious-library/covers/games/the-legend-of-zelda-skyward-sword-hd.jpg
GreedFall: Gold Edition,https://mrchristianq.github.io/chris-delicious-library/covers/games/greedfall-gold-edition.jpg
Zombies Ate My Neighbors and Ghoul Patrol,https://mrchristianq.github.io/chris-delicious-library/covers/games/zombies-ate-my-neighbors-and-ghoul-patrol.jpg
The Dungeon Of Naheulbeuk: The Amulet Of Chaos - Chicken Edition,https://mrchristianq.github.io/chris-delicious-library/covers/games/the-dungeon-of-naheulbeuk-the-amulet-of-chaos-chic.jpg
Planet Zoo: Africa Pack,https://mrchristianq.github.io/chris-delicious-library/covers/games/planet-zoo-africa-pack.jpg
Alex Kidd in Miracle World DX,https://mrchristianq.github.io/chris-delicious-library/covers/games/alex-kidd-in-miracle-world-dx.jpg
Ender Lilies: Quietus of the Knights,https://mrchristianq.github.io/chris-delicious-library/covers/games/ender-lilies-quietus-of-the-knights.jpg
Far Cry 5 + Far Cry: New Dawn Double Pack,https://mrchristianq.github.io/chris-delicious-library/covers/games/far-cry-5-far-cry-new-dawn-double-pack.jpg
Ratchet & Clank: Rift Apart,https://mrchristianq.github.io/chris-delicious-library/covers/games/ratchet-clank-rift-apart.jpg
Final Fantasy VII Remake: Episode Intermission,https://mrchristianq.github.io/chris-delicious-library/covers/games/final-fantasy-vii-remake-episode-intermission.jpg
Edge of Eternity,https://mrchristianq.github.io/chris-delicious-library/covers/games/edge-of-eternity.jpg
Chivalry 2,https://mrchristianq.github.io/chris-delicious-library/covers/games/chivalry-2.jpg
Biomutant,https://mrchristianq.github.io/chris-delicious-library/covers/games/biomutant.jpg
Rising Hell,https://mrchristianq.github.io/chris-delicious-library/covers/games/rising-hell.jpg
Mass Effect Legendary Edition,https://mrchristianq.github.io/chris-delicious-library/covers/games/mass-effect-legendary-edition.jpg
Subnautica + Subnautica Below Zero Double Pack,https://mrchristianq.github.io/chris-delicious-library/covers/games/subnautica-subnautica-below-zero-double-pack.jpg
Resident Evil Village,https://mrchristianq.github.io/chris-delicious-library/covers/games/resident-evil-village.jpg
Judgment,https://mrchristianq.github.io/chris-delicious-library/covers/games/judgment.jpg
The Darkside Detective: A Fumble in the Dark - Tales of the Darkside,https://mrchristianq.github.io/chris-delicious-library/covers/games/the-darkside-detective-a-fumble-in-the-dark-tales-.jpg
First Class Trouble,https://mrchristianq.github.io/chris-delicious-library/covers/games/first-class-trouble.jpg
Disco Elysium: The Final Cut,https://mrchristianq.github.io/chris-delicious-library/covers/games/disco-elysium-the-final-cut.jpg
Curse of the Dead Gods,https://mrchristianq.github.io/chris-delicious-library/covers/games/curse-of-the-dead-gods.jpg
Super Mario 3D World + Bowser's Fury,https://mrchristianq.github.io/chris-delicious-library/covers/games/super-mario-3d-world-bowsers-fury.jpg
Nioh 2: The Complete Edition,https://mrchristianq.github.io/chris-delicious-library/covers/games/nioh-2-the-complete-edition.jpg
Gods Will Fall,https://mrchristianq.github.io/chris-delicious-library/covers/games/gods-will-fall.jpg
Hitman 3: Cloud Version,https://mrchristianq.github.io/chris-delicious-library/covers/games/hitman-3-cloud-version.jpg
Scott Pilgrim vs. the World: The Game - Complete Edition,https://mrchristianq.github.io/chris-delicious-library/covers/games/scott-pilgrim-vs-the-world-the-game-complete-editi.jpg
Gears 5: Hivebusters,https://mrchristianq.github.io/chris-delicious-library/covers/games/gears-5-hivebusters.jpg
Cyberpunk 2077,https://mrchristianq.github.io/chris-delicious-library/covers/games/cyberpunk-2077.jpg
Call of the Sea,https://mrchristianq.github.io/chris-delicious-library/covers/games/call-of-the-sea.jpg
Darq: Complete Edition,https://mrchristianq.github.io/chris-delicious-library/covers/games/darq-complete-edition.jpg
Morbid: The Seven Acolytes,https://mrchristianq.github.io/chris-delicious-library/covers/games/morbid-the-seven-acolytes.jpg
Submerged: Hidden Depths,https://mrchristianq.github.io/chris-delicious-library/covers/games/submerged-hidden-depths.jpg
Immortals Fenyx Rising,https://mrchristianq.github.io/chris-delicious-library/covers/games/immortals-fenyx-rising.jpg
Bridge Constructor: The Walking Dead,https://mrchristianq.github.io/chris-delicious-library/covers/games/bridge-constructor-the-walking-dead.jpg
Poker Club,https://mrchristianq.github.io/chris-delicious-library/covers/games/poker-club.jpg
Call of Duty: Black Ops Cold War,https://mrchristianq.github.io/chris-delicious-library/covers/games/call-of-duty-black-ops-cold-war.jpg
Demon's Souls,https://mrchristianq.github.io/chris-delicious-library/covers/games/demons-souls.jpg
Sackboy: A Big Adventure,https://mrchristianq.github.io/chris-delicious-library/covers/games/sackboy-a-big-adventure.jpg
Astro's Playroom,https://mrchristianq.github.io/chris-delicious-library/covers/games/astros-playroom.jpg
Demon's Souls,https://mrchristianq.github.io/chris-delicious-library/covers/games/demons-souls.jpg
"Assassin's Creed Bundle: Assassin's Creed Valhalla, Assassin's Creed Odyssey, and Assassin's Creed Origins",https://mrchristianq.github.io/chris-delicious-library/covers/games/assassins-creed-bundle-assassins-creed-valhalla-as.jpg
Marvel's Spider-Man: Miles Morales,https://mrchristianq.github.io/chris-delicious-library/covers/games/marvels-spider-man-miles-morales.jpg
Assassin's Creed Valhalla,https://mrchristianq.github.io/chris-delicious-library/covers/games/assassins-creed-valhalla.jpg
Need for Speed: Hot Pursuit - Remastered,https://mrchristianq.github.io/chris-delicious-library/covers/games/need-for-speed-hot-pursuit-remastered.jpg
Dirt 5,https://mrchristianq.github.io/chris-delicious-library/covers/games/dirt-5.jpg
The Dark Pictures Anthology: Little Hope,https://mrchristianq.github.io/chris-delicious-library/covers/games/the-dark-pictures-anthology-little-hope.jpg
Watch Dogs: Legion,https://mrchristianq.github.io/chris-delicious-library/covers/games/watch-dogs-legion.jpg
Ghostrunner,https://mrchristianq.github.io/chris-delicious-library/covers/games/ghostrunner.jpg
Pumpkin Jack,https://mrchristianq.github.io/chris-delicious-library/covers/games/pumpkin-jack.jpg
Streets of Kamurocho,https://mrchristianq.github.io/chris-delicious-library/covers/games/streets-of-kamurocho.jpg
Foregone,https://mrchristianq.github.io/chris-delicious-library/covers/games/foregone.jpg
Remothered: Broken Porcelain,https://mrchristianq.github.io/chris-delicious-library/covers/games/remothered-broken-porcelain.jpg
Crash Bandicoot 4: It's About Time,https://mrchristianq.github.io/chris-delicious-library/covers/games/crash-bandicoot-4-its-about-time.jpg
Mario Kart 8 Deluxe + Super Mario Party Double Pack,https://mrchristianq.github.io/chris-delicious-library/covers/games/mario-kart-8-deluxe-super-mario-party-double-pack.jpg
Star Wars: Squadrons,https://mrchristianq.github.io/chris-delicious-library/covers/games/star-wars-squadrons.jpg
Mafia: Definitive Edition,https://mrchristianq.github.io/chris-delicious-library/covers/games/mafia-definitive-edition.jpg
RollerCoaster Tycoon 3: Complete Edition,https://mrchristianq.github.io/chris-delicious-library/covers/games/rollercoaster-tycoon-3-complete-edition.jpg
Art of Rally,https://mrchristianq.github.io/chris-delicious-library/covers/games/art-of-rally.jpg
Super Mario 3D All-Stars,https://mrchristianq.github.io/chris-delicious-library/covers/games/super-mario-3d-all-stars.jpg
Super Mario Sunshine,https://mrchristianq.github.io/chris-delicious-library/covers/games/super-mario-sunshine.jpg
Super Mario 64,https://mrchristianq.github.io/chris-delicious-library/covers/games/super-mario-64.jpg
Hades,https://mrchristianq.github.io/chris-delicious-library/covers/games/hades.jpg
Train Sim World 2: DB BR 155 Loco,https://mrchristianq.github.io/chris-delicious-library/covers/games/train-sim-world-2-db-br-155-loco.jpg
Kingdoms of Amalur: Re-Reckoning,https://mrchristianq.github.io/chris-delicious-library/covers/games/kingdoms-of-amalur-re-reckoning.jpg
Tony Hawk's Pro Skater 1+2,https://mrchristianq.github.io/chris-delicious-library/covers/games/tony-hawks-pro-skater-12.jpg
Marvel's Avengers,https://mrchristianq.github.io/chris-delicious-library/covers/games/marvels-avengers.jpg
NBA 2K21,https://mrchristianq.github.io/chris-delicious-library/covers/games/nba-2k21.jpg
Control: Ultimate Edition,https://mrchristianq.github.io/chris-delicious-library/covers/games/control-ultimate-edition.jpg
Shadowrun Collection,https://mrchristianq.github.io/chris-delicious-library/covers/games/shadowrun-collection.jpg
Tell Me Why,https://mrchristianq.github.io/chris-delicious-library/covers/games/tell-me-why.jpg
Milk Inside a Bag of Milk Inside a Bag of Milk,https://mrchristianq.github.io/chris-delicious-library/covers/games/milk-inside-a-bag-of-milk-inside-a-bag-of-milk.jpg
Mortal Shell,https://mrchristianq.github.io/chris-delicious-library/covers/games/mortal-shell.jpg
The Alto Collection,https://mrchristianq.github.io/chris-delicious-library/covers/games/the-alto-collection.jpg
A Total War Saga: Troy,https://mrchristianq.github.io/chris-delicious-library/covers/games/a-total-war-saga-troy.jpg
UnderMine,https://mrchristianq.github.io/chris-delicious-library/covers/games/undermine.jpg
Mafia,https://mrchristianq.github.io/chris-delicious-library/covers/games/mafia.jpg
Skully,https://mrchristianq.github.io/chris-delicious-library/covers/games/skully.jpg
Crysis Remastered,https://mrchristianq.github.io/chris-delicious-library/covers/games/crysis-remastered.jpg
Ghost of Tsushima,https://mrchristianq.github.io/chris-delicious-library/covers/games/ghost-of-tsushima.jpg
Deadly Premonition 2: A Blessing in Disguise,https://mrchristianq.github.io/chris-delicious-library/covers/games/deadly-premonition-2-a-blessing-in-disguise.jpg
Trackmania,https://mrchristianq.github.io/chris-delicious-library/covers/games/trackmania.jpg
SpongeBob SquarePants: Battle for Bikini Bottom - Rehydrated,https://mrchristianq.github.io/chris-delicious-library/covers/games/spongebob-squarepants-battle-for-bikini-bottom-reh.jpg
The Last of Us Part II,https://mrchristianq.github.io/chris-delicious-library/covers/games/the-last-of-us-part-ii.jpg
Samurai Shodown NeoGeo Collection,https://mrchristianq.github.io/chris-delicious-library/covers/games/samurai-shodown-neogeo-collection.jpg
Command & Conquer Remastered Collection,https://mrchristianq.github.io/chris-delicious-library/covers/games/command-conquer-remastered-collection.jpg
Xenoblade Chronicles: Definitive Edition,https://mrchristianq.github.io/chris-delicious-library/covers/games/xenoblade-chronicles-definitive-edition.jpg
Sludge Life,https://mrchristianq.github.io/chris-delicious-library/covers/games/sludge-life.jpg
Saints Row: The Third Remastered,https://mrchristianq.github.io/chris-delicious-library/covers/games/saints-row-the-third-remastered.jpg
Maneater,https://mrchristianq.github.io/chris-delicious-library/covers/games/maneater.jpg
Mafia III: Definitive Edition,https://mrchristianq.github.io/chris-delicious-library/covers/games/mafia-iii-definitive-edition.jpg
Pathway,https://mrchristianq.github.io/chris-delicious-library/covers/games/pathway.jpg
Streets of Rage 4,https://mrchristianq.github.io/chris-delicious-library/covers/games/streets-of-rage-4.jpg
Sniper Ghost Warrior Contracts & Sniper: Ghost Warrior 3 - Unlimited Edition,https://mrchristianq.github.io/chris-delicious-library/covers/games/sniper-ghost-warrior-contracts-sniper-ghost-warrio.jpg
Moving Out,https://mrchristianq.github.io/chris-delicious-library/covers/games/moving-out.jpg
Final Fantasy VII Remake: Deluxe Edition,https://mrchristianq.github.io/chris-delicious-library/covers/games/final-fantasy-vii-remake-deluxe-edition.jpg
Resident Evil 3,https://mrchristianq.github.io/chris-delicious-library/covers/games/resident-evil-3.jpg
Resident Evil Resistance,https://mrchristianq.github.io/chris-delicious-library/covers/games/resident-evil-resistance.jpg
Totally Reliable Delivery Service,https://mrchristianq.github.io/chris-delicious-library/covers/games/totally-reliable-delivery-service.jpg
Call of Duty: Modern Warfare 2 Campaign Remastered,https://mrchristianq.github.io/chris-delicious-library/covers/games/call-of-duty-modern-warfare-2-campaign-remastered.jpg
Half-Life Alyx,https://mrchristianq.github.io/chris-delicious-library/covers/games/half-life-alyx.jpg
Doom 64,https://mrchristianq.github.io/chris-delicious-library/covers/games/doom-64.jpg
Doom Eternal,https://mrchristianq.github.io/chris-delicious-library/covers/games/doom-eternal.jpg
Persona 5 Strikers,https://mrchristianq.github.io/chris-delicious-library/covers/games/persona-5-strikers.jpg
Persona 5 Strikers,https://mrchristianq.github.io/chris-delicious-library/covers/games/persona-5-strikers.jpg
Yakuza: Like a Dragon,https://mrchristianq.github.io/chris-delicious-library/covers/games/yakuza-like-a-dragon.jpg
Hello Neighbor Prototype,https://mrchristianq.github.io/chris-delicious-library/covers/games/hello-neighbor-prototype.jpg
Jurassic World Evolution: Jurassic Park Edition,https://mrchristianq.github.io/chris-delicious-library/covers/games/jurassic-world-evolution-jurassic-park-edition.jpg
Frog Detective 2: The Case of the Invisible Wizard,https://mrchristianq.github.io/chris-delicious-library/covers/games/frog-detective-2-the-case-of-the-invisible-wizard.jpg
Shovel Knight: Treasure Trove,https://mrchristianq.github.io/chris-delicious-library/covers/games/shovel-knight-treasure-trove.jpg
Darksiders Genesis,https://mrchristianq.github.io/chris-delicious-library/covers/games/darksiders-genesis.jpg
Shenmue III,https://mrchristianq.github.io/chris-delicious-library/covers/games/shenmue-iii.jpg
Star Wars Jedi: Fallen Order,https://mrchristianq.github.io/chris-delicious-library/covers/games/star-wars-jedi-fallen-order.jpg
Terminator: Resistance,https://mrchristianq.github.io/chris-delicious-library/covers/games/terminator-resistance.jpg
Death Stranding,https://mrchristianq.github.io/chris-delicious-library/covers/games/death-stranding.jpg
Need for Speed: Heat,https://mrchristianq.github.io/chris-delicious-library/covers/games/need-for-speed-heat.jpg
Just Dance 2020,https://mrchristianq.github.io/chris-delicious-library/covers/games/just-dance-2020.jpg
Luigi's Mansion 3,https://mrchristianq.github.io/chris-delicious-library/covers/games/luigis-mansion-3.jpg
Persona 5 Royal,https://mrchristianq.github.io/chris-delicious-library/covers/games/persona-5-royal.jpg
Afterparty,https://mrchristianq.github.io/chris-delicious-library/covers/games/afterparty.jpg
Super Monkey Ball: Banana Blitz HD,https://mrchristianq.github.io/chris-delicious-library/covers/games/super-monkey-ball-banana-blitz-hd.jpg
Call of Duty: Modern Warfare,https://mrchristianq.github.io/chris-delicious-library/covers/games/call-of-duty-modern-warfare.jpg
The Outer Worlds,https://mrchristianq.github.io/chris-delicious-library/covers/games/the-outer-worlds.jpg
Disney Classic Games: Aladdin and The Lion King,https://mrchristianq.github.io/chris-delicious-library/covers/games/disney-classic-games-aladdin-and-the-lion-king.jpg
The Beast Inside,https://mrchristianq.github.io/chris-delicious-library/covers/games/the-beast-inside.jpg
Overcooked! + Overcooked! 2,https://mrchristianq.github.io/chris-delicious-library/covers/games/overcooked-overcooked-2.jpg
Overcooked! + Overcooked! 2,https://mrchristianq.github.io/chris-delicious-library/covers/games/overcooked-overcooked-2.jpg
The Escapists + The Escapists 2,https://mrchristianq.github.io/chris-delicious-library/covers/games/the-escapists-the-escapists-2.jpg
Yooka-Laylee and the Impossible Lair,https://mrchristianq.github.io/chris-delicious-library/covers/games/yooka-laylee-and-the-impossible-lair.jpg
Trine 4: The Nightmare Prince,https://mrchristianq.github.io/chris-delicious-library/covers/games/trine-4-the-nightmare-prince.jpg
Tom Clancy's Ghost Recon: Breakpoint,https://mrchristianq.github.io/chris-delicious-library/covers/games/tom-clancys-ghost-recon-breakpoint.jpg
Gran Turismo Sport: Spec II,https://mrchristianq.github.io/chris-delicious-library/covers/games/gran-turismo-sport-spec-ii.jpg
Gran Turismo Sport: Spec II,https://mrchristianq.github.io/chris-delicious-library/covers/games/gran-turismo-sport-spec-ii.jpg
Ghostbusters: The Video Game Remastered,https://mrchristianq.github.io/chris-delicious-library/covers/games/ghostbusters-the-video-game-remastered.jpg
Dragon Quest XI S: Echoes of an Elusive Age - Definitive Edition,https://mrchristianq.github.io/chris-delicious-library/covers/games/dragon-quest-xi-s-echoes-of-an-elusive-age-definit.jpg
The Surge 2,https://mrchristianq.github.io/chris-delicious-library/covers/games/the-surge-2.jpg
Ni no Kuni: Wrath of the White Witch Remastered,https://mrchristianq.github.io/chris-delicious-library/covers/games/ni-no-kuni-wrath-of-the-white-witch-remastered.jpg
Crying Suns,https://mrchristianq.github.io/chris-delicious-library/covers/games/crying-suns.jpg
Borderlands 3: Super Deluxe Edition,https://mrchristianq.github.io/chris-delicious-library/covers/games/borderlands-3-super-deluxe-edition.jpg
Blasphemous,https://mrchristianq.github.io/chris-delicious-library/covers/games/blasphemous.jpg
Children of Morta,https://mrchristianq.github.io/chris-delicious-library/covers/games/children-of-morta.jpg
Children of Morta,https://mrchristianq.github.io/chris-delicious-library/covers/games/children-of-morta.jpg
Children of Morta,https://mrchristianq.github.io/chris-delicious-library/covers/games/children-of-morta.jpg
The Dark Pictures Anthology: Man of Medan,https://mrchristianq.github.io/chris-delicious-library/covers/games/the-dark-pictures-anthology-man-of-medan.jpg
The Bard's Tale IV: Director's Cut,https://mrchristianq.github.io/chris-delicious-library/covers/games/the-bards-tale-iv-directors-cut.jpg
Remnant: From the Ashes,https://mrchristianq.github.io/chris-delicious-library/covers/games/remnant-from-the-ashes.jpg
Eliza,https://mrchristianq.github.io/chris-delicious-library/covers/games/eliza.jpg
Doom II,https://mrchristianq.github.io/chris-delicious-library/covers/games/doom-ii.jpg
Night Call,https://mrchristianq.github.io/chris-delicious-library/covers/games/night-call.jpg
Stranger Things 3: The Game,https://mrchristianq.github.io/chris-delicious-library/covers/games/stranger-things-3-the-game.jpg
Bloodstained: Ritual of the Night,https://mrchristianq.github.io/chris-delicious-library/covers/games/bloodstained-ritual-of-the-night.jpg
Forza Horizon 4: LEGO Speed Champions,https://mrchristianq.github.io/chris-delicious-library/covers/games/forza-horizon-4-lego-speed-champions.jpg
Pathfinder: Kingmaker - Enhanced Plus Edition,https://mrchristianq.github.io/chris-delicious-library/covers/games/pathfinder-kingmaker-enhanced-plus-edition.jpg
Void Bastards,https://mrchristianq.github.io/chris-delicious-library/covers/games/void-bastards.jpg
Castlevania Anniversary Collection,https://mrchristianq.github.io/chris-delicious-library/covers/games/castlevania-anniversary-collection.jpg
Castlevania Anniversary Collection,https://mrchristianq.github.io/chris-delicious-library/covers/games/castlevania-anniversary-collection.jpg
A Plague Tale: Innocence,https://mrchristianq.github.io/chris-delicious-library/covers/games/a-plague-tale-innocence.jpg
A Plague Tale: Innocence,https://mrchristianq.github.io/chris-delicious-library/covers/games/a-plague-tale-innocence.jpg
Rage 2,https://mrchristianq.github.io/chris-delicious-library/covers/games/rage-2.jpg
"In the pines, in the pines, where the sun never shines",https://mrchristianq.github.io/chris-delicious-library/covers/games/in-the-pines-in-the-pines-where-the-sun-never-shin.jpg
BoxVR,https://mrchristianq.github.io/chris-delicious-library/covers/games/boxvr.jpg
Tales of the Neon Sea,https://mrchristianq.github.io/chris-delicious-library/covers/games/tales-of-the-neon-sea.jpg
Mordhau,https://mrchristianq.github.io/chris-delicious-library/covers/games/mordhau.jpg
Days Gone,https://mrchristianq.github.io/chris-delicious-library/covers/games/days-gone.jpg
Days Gone,https://mrchristianq.github.io/chris-delicious-library/covers/games/days-gone.jpg
SteamWorld Quest: Hand of Gilgamech,https://mrchristianq.github.io/chris-delicious-library/covers/games/steamworld-quest-hand-of-gilgamech.jpg
God's Trigger,https://mrchristianq.github.io/chris-delicious-library/covers/games/gods-trigger.jpg
CryoFall,https://mrchristianq.github.io/chris-delicious-library/covers/games/cryofall.jpg
Borderlands: Game of the Year Enhanced,https://mrchristianq.github.io/chris-delicious-library/covers/games/borderlands-game-of-the-year-enhanced.jpg
Assassin's Creed III Remastered,https://mrchristianq.github.io/chris-delicious-library/covers/games/assassins-creed-iii-remastered.jpg
Assassin's Creed III Remastered,https://mrchristianq.github.io/chris-delicious-library/covers/games/assassins-creed-iii-remastered.jpg
Sekiro: Shadows Die Twice,https://mrchristianq.github.io/chris-delicious-library/covers/games/sekiro-shadows-die-twice.jpg
Tom Clancy's The Division 2,https://mrchristianq.github.io/chris-delicious-library/covers/games/tom-clancys-the-division-2.jpg
ToeJam & Earl: Back in the Groove,https://mrchristianq.github.io/chris-delicious-library/covers/games/toejam-earl-back-in-the-groove.jpg
Ape Out,https://mrchristianq.github.io/chris-delicious-library/covers/games/ape-out.jpg
Trials Rising,https://mrchristianq.github.io/chris-delicious-library/covers/games/trials-rising.jpg
Trials Rising: Gold Edition,https://mrchristianq.github.io/chris-delicious-library/covers/games/trials-rising-gold-edition.jpg
Metro Exodus,https://mrchristianq.github.io/chris-delicious-library/covers/games/metro-exodus.jpg
Far Cry New Dawn,https://mrchristianq.github.io/chris-delicious-library/covers/games/far-cry-new-dawn.jpg
Metro Exodus,https://mrchristianq.github.io/chris-delicious-library/covers/games/metro-exodus.jpg
The Textorcist: The Story of Ray Bibbia,https://mrchristianq.github.io/chris-delicious-library/covers/games/the-textorcist-the-story-of-ray-bibbia.jpg
My Time at Portia,https://mrchristianq.github.io/chris-delicious-library/covers/games/my-time-at-portia.jpg
Tales of Vesperia: Definitive Edition,https://mrchristianq.github.io/chris-delicious-library/covers/games/tales-of-vesperia-definitive-edition.jpg
New Super Mario Bros. U Deluxe,https://mrchristianq.github.io/chris-delicious-library/covers/games/new-super-mario-bros-u-deluxe.jpg
Half-Life 2: MMod - Half-Life 2: Update,https://mrchristianq.github.io/chris-delicious-library/covers/games/half-life-2-mmod-half-life-2-update.jpg
Half-Life,https://mrchristianq.github.io/chris-delicious-library/covers/games/half-life.jpg
PC Creator: PC Building Simulator,https://mrchristianq.github.io/chris-delicious-library/covers/games/pc-creator-pc-building-simulator.jpg
Gris,https://mrchristianq.github.io/chris-delicious-library/covers/games/gris.jpg
Book of Demons,https://mrchristianq.github.io/chris-delicious-library/covers/games/book-of-demons.jpg
The Last Remnant Remastered,https://mrchristianq.github.io/chris-delicious-library/covers/games/the-last-remnant-remastered.jpg
Just Cause 4,https://mrchristianq.github.io/chris-delicious-library/covers/games/just-cause-4.jpg
Just Cause 4,https://mrchristianq.github.io/chris-delicious-library/covers/games/just-cause-4.jpg
Mutant Year Zero: Road to Eden,https://mrchristianq.github.io/chris-delicious-library/covers/games/mutant-year-zero-road-to-eden.jpg
Christmas Mahjong,https://mrchristianq.github.io/chris-delicious-library/covers/games/christmas-mahjong.jpg
Batman: Arkham Collection,https://mrchristianq.github.io/chris-delicious-library/covers/games/batman-arkham-collection.jpg
Frog Detective 1: The Haunted Island,https://mrchristianq.github.io/chris-delicious-library/covers/games/frog-detective-1-the-haunted-island.jpg
Battlefield V,https://mrchristianq.github.io/chris-delicious-library/covers/games/battlefield-v.jpg
Battlefield V,https://mrchristianq.github.io/chris-delicious-library/covers/games/battlefield-v.jpg
Fallout 76,https://mrchristianq.github.io/chris-delicious-library/covers/games/fallout-76.jpg
Hitman 2,https://mrchristianq.github.io/chris-delicious-library/covers/games/hitman-2.jpg
Beat Saber,https://mrchristianq.github.io/chris-delicious-library/covers/games/beat-saber.jpg
The Witcher 3: Wild Hunt + Dark Souls III,https://mrchristianq.github.io/chris-delicious-library/covers/games/the-witcher-3-wild-hunt-dark-souls-iii.jpg
Red Dead Redemption 2,https://mrchristianq.github.io/chris-delicious-library/covers/games/red-dead-redemption-2.jpg
Marvel's Spider-Man: The Heist,https://mrchristianq.github.io/chris-delicious-library/covers/games/marvels-spider-man-the-heist.jpg
Thronebreaker: The Witcher Tales,https://mrchristianq.github.io/chris-delicious-library/covers/games/thronebreaker-the-witcher-tales.jpg
Just Dance 2019,https://mrchristianq.github.io/chris-delicious-library/covers/games/just-dance-2019.jpg
Gwent: The Witcher Card Game,https://mrchristianq.github.io/chris-delicious-library/covers/games/gwent-the-witcher-card-game.jpg
Luigi's Mansion,https://mrchristianq.github.io/chris-delicious-library/covers/games/luigis-mansion.jpg
Mark of the Ninja: Remastered,https://mrchristianq.github.io/chris-delicious-library/covers/games/mark-of-the-ninja-remastered.jpg
Assassin's Creed Odyssey,https://mrchristianq.github.io/chris-delicious-library/covers/games/assassins-creed-odyssey.jpg
Forza Horizon 4: Deluxe Edition,https://mrchristianq.github.io/chris-delicious-library/covers/games/forza-horizon-4-deluxe-edition.jpg
Life is Strange 2,https://mrchristianq.github.io/chris-delicious-library/covers/games/life-is-strange-2.jpg
Life is Strange 2,https://mrchristianq.github.io/chris-delicious-library/covers/games/life-is-strange-2.jpg
Pathfinder: Kingmaker,https://mrchristianq.github.io/chris-delicious-library/covers/games/pathfinder-kingmaker.jpg
Underhero,https://mrchristianq.github.io/chris-delicious-library/covers/games/underhero.jpg
The House of the Dead: Scarlet Dawn,https://mrchristianq.github.io/chris-delicious-library/covers/games/the-house-of-the-dead-scarlet-dawn.jpg
Shadow of the Tomb Raider,https://mrchristianq.github.io/chris-delicious-library/covers/games/shadow-of-the-tomb-raider.jpg
Shadow of the Tomb Raider: Ultimate Edition,https://mrchristianq.github.io/chris-delicious-library/covers/games/shadow-of-the-tomb-raider-ultimate-edition.jpg
Hyper Light Drifter: Special Edition,https://mrchristianq.github.io/chris-delicious-library/covers/games/hyper-light-drifter-special-edition.jpg
The Bard's Tale Trilogy,https://mrchristianq.github.io/chris-delicious-library/covers/games/the-bards-tale-trilogy.jpg
2064: Read Only Memories Integral,https://mrchristianq.github.io/chris-delicious-library/covers/games/2064-read-only-memories-integral.jpg
Sonic Mania & Sonic Plus,https://mrchristianq.github.io/chris-delicious-library/covers/games/sonic-mania-sonic-plus.jpg
Death's Gambit: Afterlife,https://mrchristianq.github.io/chris-delicious-library/covers/games/deaths-gambit-afterlife.jpg
Death's Gambit: Afterlife,https://mrchristianq.github.io/chris-delicious-library/covers/games/deaths-gambit-afterlife.jpg
Yakuza 3 Remastered,https://mrchristianq.github.io/chris-delicious-library/covers/games/yakuza-3-remastered.jpg
Half-Life: Blue Shift,https://mrchristianq.github.io/chris-delicious-library/covers/games/half-life-blue-shift.jpg
Hellblade: Senua's Sacrifice - VR Edition,https://mrchristianq.github.io/chris-delicious-library/covers/games/hellblade-senuas-sacrifice-vr-edition.jpg
Chasm,https://mrchristianq.github.io/chris-delicious-library/covers/games/chasm.jpg
The Spectrum Retreat,https://mrchristianq.github.io/chris-delicious-library/covers/games/the-spectrum-retreat.jpg
The Awesome Adventures of Captain Spirit,https://mrchristianq.github.io/chris-delicious-library/covers/games/the-awesome-adventures-of-captain-spirit.jpg
Wreckfest,https://mrchristianq.github.io/chris-delicious-library/covers/games/wreckfest.jpg
Wreckfest,https://mrchristianq.github.io/chris-delicious-library/covers/games/wreckfest.jpg
Bloons TD 6,https://mrchristianq.github.io/chris-delicious-library/covers/games/bloons-td-6.jpg
Prey: Mooncrash,https://mrchristianq.github.io/chris-delicious-library/covers/games/prey-mooncrash.jpg
Vampyr,https://mrchristianq.github.io/chris-delicious-library/covers/games/vampyr.jpg
Vampyr,https://mrchristianq.github.io/chris-delicious-library/covers/games/vampyr.jpg
Yoku's Island Express,https://mrchristianq.github.io/chris-delicious-library/covers/games/yokus-island-express.jpg
Detroit: Become Human,https://mrchristianq.github.io/chris-delicious-library/covers/games/detroit-become-human.jpg
Dark Souls: Remastered,https://mrchristianq.github.io/chris-delicious-library/covers/games/dark-souls-remastered.jpg
Warstone TD,https://mrchristianq.github.io/chris-delicious-library/covers/games/warstone-td.jpg
Immortality,https://mrchristianq.github.io/chris-delicious-library/covers/games/immortality.jpg
Wizard of Legend,https://mrchristianq.github.io/chris-delicious-library/covers/games/wizard-of-legend.jpg
Horizon Chase Turbo,https://mrchristianq.github.io/chris-delicious-library/covers/games/horizon-chase-turbo.jpg
Horizon Chase Turbo,https://mrchristianq.github.io/chris-delicious-library/covers/games/horizon-chase-turbo.jpg
Donkey Kong Country: Tropical Freeze,https://mrchristianq.github.io/chris-delicious-library/covers/games/donkey-kong-country-tropical-freeze.jpg
City of Brass,https://mrchristianq.github.io/chris-delicious-library/covers/games/city-of-brass.jpg
Donkey Kong Country: Tropical Freeze,https://mrchristianq.github.io/chris-delicious-library/covers/games/donkey-kong-country-tropical-freeze.jpg
Frostpunk,https://mrchristianq.github.io/chris-delicious-library/covers/games/frostpunk.jpg
Frostpunk,https://mrchristianq.github.io/chris-delicious-library/covers/games/frostpunk.jpg
The Swords of Ditto,https://mrchristianq.github.io/chris-delicious-library/covers/games/the-swords-of-ditto.jpg
Frostpunk,https://mrchristianq.github.io/chris-delicious-library/covers/games/frostpunk.jpg
God of War,https://mrchristianq.github.io/chris-delicious-library/covers/games/god-of-war.jpg
Ni no Kuni II: Revenant Kingdom,https://mrchristianq.github.io/chris-delicious-library/covers/games/ni-no-kuni-ii-revenant-kingdom.jpg
Next Hero,https://mrchristianq.github.io/chris-delicious-library/covers/games/next-hero.jpg
Fist of the North Star: Lost Paradise,https://mrchristianq.github.io/chris-delicious-library/covers/games/fist-of-the-north-star-lost-paradise.jpg
Fist of the North Star: Lost Paradise,https://mrchristianq.github.io/chris-delicious-library/covers/games/fist-of-the-north-star-lost-paradise.jpg
Earthlock,https://mrchristianq.github.io/chris-delicious-library/covers/games/earthlock.jpg
Where the Water Tastes Like Wine,https://mrchristianq.github.io/chris-delicious-library/covers/games/where-the-water-tastes-like-wine.jpg
Moss,https://mrchristianq.github.io/chris-delicious-library/covers/games/moss.jpg
Into the Breach,https://mrchristianq.github.io/chris-delicious-library/covers/games/into-the-breach.jpg
Chrono Trigger,https://mrchristianq.github.io/chris-delicious-library/covers/games/chrono-trigger.jpg
Them's Fightin' Herds,https://mrchristianq.github.io/chris-delicious-library/covers/games/thems-fightin-herds.jpg
Kingdom Come: Deliverance,https://mrchristianq.github.io/chris-delicious-library/covers/games/kingdom-come-deliverance.jpg
Galaxy Control: Arena Station,https://mrchristianq.github.io/chris-delicious-library/covers/games/galaxy-control-arena-station.jpg
Celeste,https://mrchristianq.github.io/chris-delicious-library/covers/games/celeste.jpg
Iconoclasts,https://mrchristianq.github.io/chris-delicious-library/covers/games/iconoclasts.jpg
Fortnite,https://mrchristianq.github.io/chris-delicious-library/covers/games/fortnite.jpg
Assassin's Creed IV Black Flag + Assassin's Creed Rogue Double Pack,https://mrchristianq.github.io/chris-delicious-library/covers/games/assassins-creed-iv-black-flag-assassins-creed-rogu.jpg
PUBG: Battlegrounds,https://mrchristianq.github.io/chris-delicious-library/covers/games/pubg-battlegrounds.jpg
The Last Guardian VR,https://mrchristianq.github.io/chris-delicious-library/covers/games/the-last-guardian-vr.jpg
The Last Guardian VR,https://mrchristianq.github.io/chris-delicious-library/covers/games/the-last-guardian-vr.jpg
The Legend of Zelda: Breath of the Wild and The Legend of Zelda: Breath of the Wild Expansion Pass Bundle,https://mrchristianq.github.io/chris-delicious-library/covers/games/the-legend-of-zelda-breath-of-the-wild-and-the-leg.jpg
Yakuza Kiwami 2,https://mrchristianq.github.io/chris-delicious-library/covers/games/yakuza-kiwami-2.jpg
Star Wars Battlefront II,https://mrchristianq.github.io/chris-delicious-library/covers/games/star-wars-battlefront-ii.jpg
Nioh: Complete Edition,https://mrchristianq.github.io/chris-delicious-library/covers/games/nioh-complete-edition.jpg
Among the Sleep: Enhanced Edition,https://mrchristianq.github.io/chris-delicious-library/covers/games/among-the-sleep-enhanced-edition.jpg
MudRunner,https://mrchristianq.github.io/chris-delicious-library/covers/games/mudrunner.jpg
Wolfenstein II: The New Colossus,https://mrchristianq.github.io/chris-delicious-library/covers/games/wolfenstein-ii-the-new-colossus.jpg
Assassin's Creed Origins,https://mrchristianq.github.io/chris-delicious-library/covers/games/assassins-creed-origins.jpg
Assassin's Creed Origins,https://mrchristianq.github.io/chris-delicious-library/covers/games/assassins-creed-origins.jpg
AER: Memories of Old,https://mrchristianq.github.io/chris-delicious-library/covers/games/aer-memories-of-old.jpg
South Park: The Fractured But Whole,https://mrchristianq.github.io/chris-delicious-library/covers/games/south-park-the-fractured-but-whole.jpg
The Evil Within 2,https://mrchristianq.github.io/chris-delicious-library/covers/games/the-evil-within-2.jpg
The Evil Within 2,https://mrchristianq.github.io/chris-delicious-library/covers/games/the-evil-within-2.jpg
The Evil Within 2,https://mrchristianq.github.io/chris-delicious-library/covers/games/the-evil-within-2.jpg
Cities: Skylines - Green Cities,https://mrchristianq.github.io/chris-delicious-library/covers/games/cities-skylines-green-cities.jpg
Middle-earth: Shadow of War Mobile,https://mrchristianq.github.io/chris-delicious-library/covers/games/middle-earth-shadow-of-war-mobile.jpg
Ruiner,https://mrchristianq.github.io/chris-delicious-library/covers/games/ruiner.jpg
Pinball FX3: Portal Pinball,https://mrchristianq.github.io/chris-delicious-library/covers/games/pinball-fx3-portal-pinball.jpg
Hob,https://mrchristianq.github.io/chris-delicious-library/covers/games/hob.jpg
Dishonored: Death of the Outsider,https://mrchristianq.github.io/chris-delicious-library/covers/games/dishonored-death-of-the-outsider.jpg
Destiny 2,https://mrchristianq.github.io/chris-delicious-library/covers/games/destiny-2.jpg
Life is Strange: Before the Storm,https://mrchristianq.github.io/chris-delicious-library/covers/games/life-is-strange-before-the-storm.jpg
Ark: Survival Evolved,https://mrchristianq.github.io/chris-delicious-library/covers/games/ark-survival-evolved.jpg
Uncharted: The Lost Legacy,https://mrchristianq.github.io/chris-delicious-library/covers/games/uncharted-the-lost-legacy.jpg
20XX,https://mrchristianq.github.io/chris-delicious-library/covers/games/20xx.jpg
Observer,https://mrchristianq.github.io/chris-delicious-library/covers/games/observer.jpg
Rift Coaster HD Remastered VR,https://mrchristianq.github.io/chris-delicious-library/covers/games/rift-coaster-hd-remastered-vr.jpg
Cat Quest,https://mrchristianq.github.io/chris-delicious-library/covers/games/cat-quest.jpg
Hellblade: Senua's Sacrifice,https://mrchristianq.github.io/chris-delicious-library/covers/games/hellblade-senuas-sacrifice.jpg
Battlefield 1: Revolution,https://mrchristianq.github.io/chris-delicious-library/covers/games/battlefield-1-revolution.jpg
Slime Rancher,https://mrchristianq.github.io/chris-delicious-library/covers/games/slime-rancher.jpg
Dragon Quest XI: Echoes of an Elusive Age,https://mrchristianq.github.io/chris-delicious-library/covers/games/dragon-quest-xi-echoes-of-an-elusive-age.jpg
The End Is Nigh,https://mrchristianq.github.io/chris-delicious-library/covers/games/the-end-is-nigh.jpg
Final Fantasy XII: The Zodiac Age,https://mrchristianq.github.io/chris-delicious-library/covers/games/final-fantasy-xii-the-zodiac-age.jpg
Final Fantasy XII: The Zodiac Age,https://mrchristianq.github.io/chris-delicious-library/covers/games/final-fantasy-xii-the-zodiac-age.jpg
Final Fantasy XII: The Zodiac Age,https://mrchristianq.github.io/chris-delicious-library/covers/games/final-fantasy-xii-the-zodiac-age.jpg
Super Mario 64 3D World,https://mrchristianq.github.io/chris-delicious-library/covers/games/super-mario-64-3d-world.jpg
Crash Bandicoot N. Sane Trilogy,https://mrchristianq.github.io/chris-delicious-library/covers/games/crash-bandicoot-n-sane-trilogy.jpg
Chess Ultra,https://mrchristianq.github.io/chris-delicious-library/covers/games/chess-ultra.jpg
Conarium,https://mrchristianq.github.io/chris-delicious-library/covers/games/conarium.jpg
Star Trek: Bridge Crew,https://mrchristianq.github.io/chris-delicious-library/covers/games/star-trek-bridge-crew.jpg
Mages of Mystralia,https://mrchristianq.github.io/chris-delicious-library/covers/games/mages-of-mystralia.jpg
The Surge,https://mrchristianq.github.io/chris-delicious-library/covers/games/the-surge.jpg
Little Nightmares,https://mrchristianq.github.io/chris-delicious-library/covers/games/little-nightmares.jpg
What Remains of Edith Finch,https://mrchristianq.github.io/chris-delicious-library/covers/games/what-remains-of-edith-finch.jpg
The Disney Afternoon Collection,https://mrchristianq.github.io/chris-delicious-library/covers/games/the-disney-afternoon-collection.jpg
Wonder Boy: The Dragon's Trap,https://mrchristianq.github.io/chris-delicious-library/covers/games/wonder-boy-the-dragons-trap.jpg
Cosmic Star Heroine,https://mrchristianq.github.io/chris-delicious-library/covers/games/cosmic-star-heroine.jpg
Yooka-Laylee,https://mrchristianq.github.io/chris-delicious-library/covers/games/yooka-laylee.jpg
Thimbleweed Park,https://mrchristianq.github.io/chris-delicious-library/covers/games/thimbleweed-park.jpg
Mass Effect: Andromeda,https://mrchristianq.github.io/chris-delicious-library/covers/games/mass-effect-andromeda.jpg
Tom Clancy's Ghost Recon: Wildlands,https://mrchristianq.github.io/chris-delicious-library/covers/games/tom-clancys-ghost-recon-wildlands.jpg
Horizon Zero Dawn,https://mrchristianq.github.io/chris-delicious-library/covers/games/horizon-zero-dawn.jpg
Stories Untold,https://mrchristianq.github.io/chris-delicious-library/covers/games/stories-untold.jpg
Fury Unleashed,https://mrchristianq.github.io/chris-delicious-library/covers/games/fury-unleashed.jpg
NieR: Automata,https://mrchristianq.github.io/chris-delicious-library/covers/games/nier-automata.jpg
TheHunter: Call of the Wild,https://mrchristianq.github.io/chris-delicious-library/covers/games/thehunter-call-of-the-wild.jpg
Sniper Elite 4,https://mrchristianq.github.io/chris-delicious-library/covers/games/sniper-elite-4.jpg
For Honor,https://mrchristianq.github.io/chris-delicious-library/covers/games/for-honor.jpg
Nioh,https://mrchristianq.github.io/chris-delicious-library/covers/games/nioh.jpg
Resident Evil 7: Biohazard,https://mrchristianq.github.io/chris-delicious-library/covers/games/resident-evil-7-biohazard.jpg
Yakuza 6: The Song of Life,https://mrchristianq.github.io/chris-delicious-library/covers/games/yakuza-6-the-song-of-life.jpg
Dead Rising 4,https://mrchristianq.github.io/chris-delicious-library/covers/games/dead-rising-4.jpg
SuperHot VR,https://mrchristianq.github.io/chris-delicious-library/covers/games/superhot-vr.jpg
Dead Rising 4,https://mrchristianq.github.io/chris-delicious-library/covers/games/dead-rising-4.jpg
Dead Rising 4,https://mrchristianq.github.io/chris-delicious-library/covers/games/dead-rising-4.jpg
Steep,https://mrchristianq.github.io/chris-delicious-library/covers/games/steep.jpg
Steep,https://mrchristianq.github.io/chris-delicious-library/covers/games/steep.jpg
Final Fantasy XV,https://mrchristianq.github.io/chris-delicious-library/covers/games/final-fantasy-xv.jpg
Darksiders: Warmastered Edition,https://mrchristianq.github.io/chris-delicious-library/covers/games/darksiders-warmastered-edition.jpg
Darksiders: Warmastered Edition,https://mrchristianq.github.io/chris-delicious-library/covers/games/darksiders-warmastered-edition.jpg
Killing Floor 2,https://mrchristianq.github.io/chris-delicious-library/covers/games/killing-floor-2.jpg
Assassin's Creed Revelations,https://mrchristianq.github.io/chris-delicious-library/covers/games/assassins-creed-revelations.jpg
Assassin's Creed Brotherhood,https://mrchristianq.github.io/chris-delicious-library/covers/games/assassins-creed-brotherhood.jpg
Watch Dogs 2,https://mrchristianq.github.io/chris-delicious-library/covers/games/watch-dogs-2.jpg
Watch Dogs 2,https://mrchristianq.github.io/chris-delicious-library/covers/games/watch-dogs-2.jpg
Dishonored 2,https://mrchristianq.github.io/chris-delicious-library/covers/games/dishonored-2.jpg
Titanfall 2,https://mrchristianq.github.io/chris-delicious-library/covers/games/titanfall-2.jpg
The Elder Scrolls V: Skyrim - Special Edition,https://mrchristianq.github.io/chris-delicious-library/covers/games/the-elder-scrolls-v-skyrim-special-edition.jpg
World of Final Fantasy,https://mrchristianq.github.io/chris-delicious-library/covers/games/world-of-final-fantasy.jpg
Sid Meier's Civilization VI,https://mrchristianq.github.io/chris-delicious-library/covers/games/sid-meiers-civilization-vi.jpg
Mafia III,https://mrchristianq.github.io/chris-delicious-library/covers/games/mafia-iii.jpg
Dear Esther: Landmark Edition,https://mrchristianq.github.io/chris-delicious-library/covers/games/dear-esther-landmark-edition.jpg
Dear Esther: Landmark Edition,https://mrchristianq.github.io/chris-delicious-library/covers/games/dear-esther-landmark-edition.jpg
BioShock Remastered,https://mrchristianq.github.io/chris-delicious-library/covers/games/bioshock-remastered.jpg
ReCore,https://mrchristianq.github.io/chris-delicious-library/covers/games/recore.jpg
The Witcher 3: Wild Hunt - Complete Edition,https://mrchristianq.github.io/chris-delicious-library/covers/games/the-witcher-3-wild-hunt-complete-edition.jpg
Obduction,https://mrchristianq.github.io/chris-delicious-library/covers/games/obduction.jpg
Deus Ex: Mankind Divided,https://mrchristianq.github.io/chris-delicious-library/covers/games/deus-ex-mankind-divided.jpg
Tales of Berseria,https://mrchristianq.github.io/chris-delicious-library/covers/games/tales-of-berseria.jpg
No Man's Sky,https://mrchristianq.github.io/chris-delicious-library/covers/games/no-mans-sky.jpg
Kingdom: New Lands,https://mrchristianq.github.io/chris-delicious-library/covers/games/kingdom-new-lands.jpg
Abzu,https://mrchristianq.github.io/chris-delicious-library/covers/games/abzu.jpg
The Technomancer,https://mrchristianq.github.io/chris-delicious-library/covers/games/the-technomancer.jpg
Mad Bullets,https://mrchristianq.github.io/chris-delicious-library/covers/games/mad-bullets.jpg
Mirror's Edge Catalyst,https://mrchristianq.github.io/chris-delicious-library/covers/games/mirrors-edge-catalyst.jpg
Hard Reset: Redux,https://mrchristianq.github.io/chris-delicious-library/covers/games/hard-reset-redux.jpg
Dragon Quest Heroes II,https://mrchristianq.github.io/chris-delicious-library/covers/games/dragon-quest-heroes-ii.jpg
Uncharted 4: A Thief's End,https://mrchristianq.github.io/chris-delicious-library/covers/games/uncharted-4-a-thiefs-end.jpg
Kathy Rain,https://mrchristianq.github.io/chris-delicious-library/covers/games/kathy-rain.jpg
Tales of Graces F/ Tales of Symphonia Chronicles,https://mrchristianq.github.io/chris-delicious-library/covers/games/tales-of-graces-f-tales-of-symphonia-chronicles.jpg
Far Cry 4 + Far Cry: Primal Bundle,https://mrchristianq.github.io/chris-delicious-library/covers/games/far-cry-4-far-cry-primal-bundle.jpg
Far Cry 4 + Far Cry: Primal Bundle,https://mrchristianq.github.io/chris-delicious-library/covers/games/far-cry-4-far-cry-primal-bundle.jpg
Pang Adventures,https://mrchristianq.github.io/chris-delicious-library/covers/games/pang-adventures.jpg
Final Fantasy IX,https://mrchristianq.github.io/chris-delicious-library/covers/games/final-fantasy-ix.jpg
Ratchet & Clank,https://mrchristianq.github.io/chris-delicious-library/covers/games/ratchet-clank.jpg
theBlu,https://mrchristianq.github.io/chris-delicious-library/covers/games/theblu.jpg
Enter the Gungeon,https://mrchristianq.github.io/chris-delicious-library/covers/games/enter-the-gungeon.jpg
Star Ocean: Integrity and Faithlessness,https://mrchristianq.github.io/chris-delicious-library/covers/games/star-ocean-integrity-and-faithlessness.jpg
Epistory: Typing Chronicles,https://mrchristianq.github.io/chris-delicious-library/covers/games/epistory-typing-chronicles.jpg
Dark Souls III,https://mrchristianq.github.io/chris-delicious-library/covers/games/dark-souls-iii.jpg
Slain: Back From Hell,https://mrchristianq.github.io/chris-delicious-library/covers/games/slain-back-from-hell.jpg
Slain: Back From Hell,https://mrchristianq.github.io/chris-delicious-library/covers/games/slain-back-from-hell.jpg
Shadow Complex Remastered,https://mrchristianq.github.io/chris-delicious-library/covers/games/shadow-complex-remastered.jpg
Salt and Sanctuary,https://mrchristianq.github.io/chris-delicious-library/covers/games/salt-and-sanctuary.jpg
Hitman,https://mrchristianq.github.io/chris-delicious-library/covers/games/hitman.jpg
Hitman,https://mrchristianq.github.io/chris-delicious-library/covers/games/hitman.jpg
Ori and the Blind Forest: Definitive Edition,https://mrchristianq.github.io/chris-delicious-library/covers/games/ori-and-the-blind-forest-definitive-edition.jpg
Tom Clancy's The Division,https://mrchristianq.github.io/chris-delicious-library/covers/games/tom-clancys-the-division.jpg
Stardew Valley,https://mrchristianq.github.io/chris-delicious-library/covers/games/stardew-valley.jpg
SuperHot,https://mrchristianq.github.io/chris-delicious-library/covers/games/superhot.jpg
Hitman Go: Definitive Edition,https://mrchristianq.github.io/chris-delicious-library/covers/games/hitman-go-definitive-edition.jpg
Far Cry: Primal,https://mrchristianq.github.io/chris-delicious-library/covers/games/far-cry-primal.jpg
Firewatch,https://mrchristianq.github.io/chris-delicious-library/covers/games/firewatch.jpg
The Witness,https://mrchristianq.github.io/chris-delicious-library/covers/games/the-witness.jpg
The Witness,https://mrchristianq.github.io/chris-delicious-library/covers/games/the-witness.jpg
Yakuza Kiwami,https://mrchristianq.github.io/chris-delicious-library/covers/games/yakuza-kiwami.jpg
Resident Evil 0,https://mrchristianq.github.io/chris-delicious-library/covers/games/resident-evil-0.jpg
Resident Evil 0,https://mrchristianq.github.io/chris-delicious-library/covers/games/resident-evil-0.jpg
Oxenfree,https://mrchristianq.github.io/chris-delicious-library/covers/games/oxenfree.jpg
Batman: Arkham Knight - 2008 Movie Batman Skin,https://mrchristianq.github.io/chris-delicious-library/covers/games/batman-arkham-knight-2008-movie-batman-skin.jpg
Dirt Rally,https://mrchristianq.github.io/chris-delicious-library/covers/games/dirt-rally.jpg
Tom Clancy's Rainbow Six Siege X,https://mrchristianq.github.io/chris-delicious-library/covers/games/tom-clancys-rainbow-six-siege-x.jpg
Just Cause 3,https://mrchristianq.github.io/chris-delicious-library/covers/games/just-cause-3.jpg
Emily is Away,https://mrchristianq.github.io/chris-delicious-library/covers/games/emily-is-away.jpg
Ticket to Ride: India,https://mrchristianq.github.io/chris-delicious-library/covers/games/ticket-to-ride-india.jpg
Rise of the Tomb Raider,https://mrchristianq.github.io/chris-delicious-library/covers/games/rise-of-the-tomb-raider.jpg
Rise of the Tomb Raider,https://mrchristianq.github.io/chris-delicious-library/covers/games/rise-of-the-tomb-raider.jpg
Fallout 4,https://mrchristianq.github.io/chris-delicious-library/covers/games/fallout-4.jpg
Darksiders II: Deathinitive Edition,https://mrchristianq.github.io/chris-delicious-library/covers/games/darksiders-ii-deathinitive-edition.jpg
Assassin's Creed Syndicate,https://mrchristianq.github.io/chris-delicious-library/covers/games/assassins-creed-syndicate.jpg
Assassin's Creed Syndicate,https://mrchristianq.github.io/chris-delicious-library/covers/games/assassins-creed-syndicate.jpg
Guitar Hero Live,https://mrchristianq.github.io/chris-delicious-library/covers/games/guitar-hero-live.jpg
Uncharted: The Nathan Drake Collection,https://mrchristianq.github.io/chris-delicious-library/covers/games/uncharted-the-nathan-drake-collection.jpg
Dragon Age: Inquisition - Game of the Year Edition,https://mrchristianq.github.io/chris-delicious-library/covers/games/dragon-age-inquisition-game-of-the-year-edition.jpg
Prison Architect,https://mrchristianq.github.io/chris-delicious-library/covers/games/prison-architect.jpg
Dragon Age: Inquisition - Game of the Year Edition,https://mrchristianq.github.io/chris-delicious-library/covers/games/dragon-age-inquisition-game-of-the-year-edition.jpg
Jotun: Valhalla Edition,https://mrchristianq.github.io/chris-delicious-library/covers/games/jotun-valhalla-edition.jpg
Soma,https://mrchristianq.github.io/chris-delicious-library/covers/games/soma.jpg
Undertale,https://mrchristianq.github.io/chris-delicious-library/covers/games/undertale.jpg
Metal Gear Solid V: The Phantom Pain,https://mrchristianq.github.io/chris-delicious-library/covers/games/metal-gear-solid-v-the-phantom-pain.jpg
Mad Max,https://mrchristianq.github.io/chris-delicious-library/covers/games/mad-max.jpg
Dragon Quest VIII: Journey of the Cursed King,https://mrchristianq.github.io/chris-delicious-library/covers/games/dragon-quest-viii-journey-of-the-cursed-king.jpg
Dragon Quest VIII: Journey of the Cursed King,https://mrchristianq.github.io/chris-delicious-library/covers/games/dragon-quest-viii-journey-of-the-cursed-king.jpg
Gears of War: Ultimate Edition,https://mrchristianq.github.io/chris-delicious-library/covers/games/gears-of-war-ultimate-edition.jpg
Until Dawn,https://mrchristianq.github.io/chris-delicious-library/covers/games/until-dawn.jpg
Trine 3: The Artifacts of Power,https://mrchristianq.github.io/chris-delicious-library/covers/games/trine-3-the-artifacts-of-power.jpg
Absolute Drift,https://mrchristianq.github.io/chris-delicious-library/covers/games/absolute-drift.jpg
The Talos Principle: Gold Edition,https://mrchristianq.github.io/chris-delicious-library/covers/games/the-talos-principle-gold-edition.jpg
Rocket League,https://mrchristianq.github.io/chris-delicious-library/covers/games/rocket-league.jpg
Rocket League,https://mrchristianq.github.io/chris-delicious-library/covers/games/rocket-league.jpg
Yoshi's Woolly World,https://mrchristianq.github.io/chris-delicious-library/covers/games/yoshis-woolly-world.jpg
Her Story,https://mrchristianq.github.io/chris-delicious-library/covers/games/her-story.jpg
LEGO Jurassic World,https://mrchristianq.github.io/chris-delicious-library/covers/games/lego-jurassic-world.jpg
Xenoblade Chronicles X,https://mrchristianq.github.io/chris-delicious-library/covers/games/xenoblade-chronicles-x.jpg
Kerbal Space Program,https://mrchristianq.github.io/chris-delicious-library/covers/games/kerbal-space-program.jpg
Grand Theft Auto V,https://mrchristianq.github.io/chris-delicious-library/covers/games/grand-theft-auto-v.jpg
Grand Theft Auto V,https://mrchristianq.github.io/chris-delicious-library/covers/games/grand-theft-auto-v.jpg
Time Crisis 5,https://mrchristianq.github.io/chris-delicious-library/covers/games/time-crisis-5.jpg
Axiom Verge,https://mrchristianq.github.io/chris-delicious-library/covers/games/axiom-verge.jpg
Bloodborne,https://mrchristianq.github.io/chris-delicious-library/covers/games/bloodborne.jpg
Borderlands: The Handsome Collection,https://mrchristianq.github.io/chris-delicious-library/covers/games/borderlands-the-handsome-collection.jpg
Final Fantasy Type-0 HD,https://mrchristianq.github.io/chris-delicious-library/covers/games/final-fantasy-type-0-hd.jpg
Yakuza 0,https://mrchristianq.github.io/chris-delicious-library/covers/games/yakuza-0.jpg
Resident Evil: Revelations 2,https://mrchristianq.github.io/chris-delicious-library/covers/games/resident-evil-revelations-2.jpg
The Order: 1886,https://mrchristianq.github.io/chris-delicious-library/covers/games/the-order-1886.jpg
Sunless Sea,https://mrchristianq.github.io/chris-delicious-library/covers/games/sunless-sea.jpg
Tropico 5: Gone Green,https://mrchristianq.github.io/chris-delicious-library/covers/games/tropico-5-gone-green.jpg
Ace Combat: Assault Horizon Legacy +,https://mrchristianq.github.io/chris-delicious-library/covers/games/ace-combat-assault-horizon-legacy-.jpg
Dying Light,https://mrchristianq.github.io/chris-delicious-library/covers/games/dying-light.jpg
Stranded Deep,https://mrchristianq.github.io/chris-delicious-library/covers/games/stranded-deep.jpg
Tales of Zestiria,https://mrchristianq.github.io/chris-delicious-library/covers/games/tales-of-zestiria.jpg
Citizens of Earth,https://mrchristianq.github.io/chris-delicious-library/covers/games/citizens-of-earth.jpg
Saints Row IV: Re-Elected,https://mrchristianq.github.io/chris-delicious-library/covers/games/saints-row-iv-re-elected.jpg
Saints Row IV: Re-Elected,https://mrchristianq.github.io/chris-delicious-library/covers/games/saints-row-iv-re-elected.jpg
Lara Croft and the Temple of Osiris,https://mrchristianq.github.io/chris-delicious-library/covers/games/lara-croft-and-the-temple-of-osiris.jpg
The Crew,https://mrchristianq.github.io/chris-delicious-library/covers/games/the-crew.jpg
Tales from the Borderlands,https://mrchristianq.github.io/chris-delicious-library/covers/games/tales-from-the-borderlands.jpg
Never Alone: Kisima Ingitchuna,https://mrchristianq.github.io/chris-delicious-library/covers/games/never-alone-kisima-ingitchuna.jpg
Rollers of the Realm,https://mrchristianq.github.io/chris-delicious-library/covers/games/rollers-of-the-realm.jpg
The Jackbox Party Pack,https://mrchristianq.github.io/chris-delicious-library/covers/games/the-jackbox-party-pack.jpg
Assassin's Creed Unity,https://mrchristianq.github.io/chris-delicious-library/covers/games/assassins-creed-unity.jpg
LEGO Batman Trilogy,https://mrchristianq.github.io/chris-delicious-library/covers/games/lego-batman-trilogy.jpg
BioShock Infinite: The Complete Edition,https://mrchristianq.github.io/chris-delicious-library/covers/games/bioshock-infinite-the-complete-edition.jpg
Sunset Overdrive,https://mrchristianq.github.io/chris-delicious-library/covers/games/sunset-overdrive.jpg
Door Kickers,https://mrchristianq.github.io/chris-delicious-library/covers/games/door-kickers.jpg
DeadCore,https://mrchristianq.github.io/chris-delicious-library/covers/games/deadcore.jpg
The Evil Within,https://mrchristianq.github.io/chris-delicious-library/covers/games/the-evil-within.jpg
The Evil Within,https://mrchristianq.github.io/chris-delicious-library/covers/games/the-evil-within.jpg
The Evil Within,https://mrchristianq.github.io/chris-delicious-library/covers/games/the-evil-within.jpg
Borderlands: The Pre-Sequel,https://mrchristianq.github.io/chris-delicious-library/covers/games/borderlands-the-pre-sequel.jpg
Borderlands: The Pre-Sequel,https://mrchristianq.github.io/chris-delicious-library/covers/games/borderlands-the-pre-sequel.jpg
Costume Quest 2,https://mrchristianq.github.io/chris-delicious-library/covers/games/costume-quest-2.jpg
Middle-earth: Shadow of Mordor,https://mrchristianq.github.io/chris-delicious-library/covers/games/middle-earth-shadow-of-mordor.jpg
Forza Horizon 2,https://mrchristianq.github.io/chris-delicious-library/covers/games/forza-horizon-2.jpg
Middle-earth: Shadow of Mordor,https://mrchristianq.github.io/chris-delicious-library/covers/games/middle-earth-shadow-of-mordor.jpg
Forza Horizon 2,https://mrchristianq.github.io/chris-delicious-library/covers/games/forza-horizon-2.jpg
Sherlock Holmes: Crimes & Punishments,https://mrchristianq.github.io/chris-delicious-library/covers/games/sherlock-holmes-crimes-punishments.jpg
The Vanishing of Ethan Carter,https://mrchristianq.github.io/chris-delicious-library/covers/games/the-vanishing-of-ethan-carter.jpg
Metro 2033 Redux,https://mrchristianq.github.io/chris-delicious-library/covers/games/metro-2033-redux.jpg
Metro: Last Light Redux,https://mrchristianq.github.io/chris-delicious-library/covers/games/metro-last-light-redux.jpg
Risen 3: Titan Lords,https://mrchristianq.github.io/chris-delicious-library/covers/games/risen-3-titan-lords.jpg
The Last of Us Remastered,https://mrchristianq.github.io/chris-delicious-library/covers/games/the-last-of-us-remastered.jpg
Oddworld: New 'n' Tasty,https://mrchristianq.github.io/chris-delicious-library/covers/games/oddworld-new-n-tasty.jpg
The Wolf Among Us: Episode 5 - Cry Wolf,https://mrchristianq.github.io/chris-delicious-library/covers/games/the-wolf-among-us-episode-5-cry-wolf.jpg
The Wolf Among Us: Episode 5 - Cry Wolf,https://mrchristianq.github.io/chris-delicious-library/covers/games/the-wolf-among-us-episode-5-cry-wolf.jpg
Murdered: Soul Suspect,https://mrchristianq.github.io/chris-delicious-library/covers/games/murdered-soul-suspect.jpg
A Story About My Uncle,https://mrchristianq.github.io/chris-delicious-library/covers/games/a-story-about-my-uncle.jpg
Watch Dogs,https://mrchristianq.github.io/chris-delicious-library/covers/games/watch-dogs.jpg
Watch Dogs,https://mrchristianq.github.io/chris-delicious-library/covers/games/watch-dogs.jpg
Watch Dogs,https://mrchristianq.github.io/chris-delicious-library/covers/games/watch-dogs.jpg
Wolfenstein: The New Order,https://mrchristianq.github.io/chris-delicious-library/covers/games/wolfenstein-the-new-order.jpg
Transistor,https://mrchristianq.github.io/chris-delicious-library/covers/games/transistor.jpg
Wolfenstein: The New Order,https://mrchristianq.github.io/chris-delicious-library/covers/games/wolfenstein-the-new-order.jpg
Transistor,https://mrchristianq.github.io/chris-delicious-library/covers/games/transistor.jpg
Wolfenstein: The New Order,https://mrchristianq.github.io/chris-delicious-library/covers/games/wolfenstein-the-new-order.jpg
Sweet Lily Dreams,https://mrchristianq.github.io/chris-delicious-library/covers/games/sweet-lily-dreams.jpg
Shoot Shoot Nitori,https://mrchristianq.github.io/chris-delicious-library/covers/games/shoot-shoot-nitori.jpg
Tesla Effect: A Tex Murphy Adventure,https://mrchristianq.github.io/chris-delicious-library/covers/games/tesla-effect-a-tex-murphy-adventure.jpg
Trials Fusion,https://mrchristianq.github.io/chris-delicious-library/covers/games/trials-fusion.jpg
Trials Fusion,https://mrchristianq.github.io/chris-delicious-library/covers/games/trials-fusion.jpg
Trials Fusion,https://mrchristianq.github.io/chris-delicious-library/covers/games/trials-fusion.jpg
LEGO The Hobbit,https://mrchristianq.github.io/chris-delicious-library/covers/games/lego-the-hobbit.jpg
Batman Arkham Origins: Blackgate - Deluxe Edition,https://mrchristianq.github.io/chris-delicious-library/covers/games/batman-arkham-origins-blackgate-deluxe-edition.jpg
Diablo III: Reaper of Souls,https://mrchristianq.github.io/chris-delicious-library/covers/games/diablo-iii-reaper-of-souls.jpg
Diablo III: Reaper of Souls,https://mrchristianq.github.io/chris-delicious-library/covers/games/diablo-iii-reaper-of-souls.jpg
Metal Gear Solid V: Ground Zeroes,https://mrchristianq.github.io/chris-delicious-library/covers/games/metal-gear-solid-v-ground-zeroes.jpg
Metal Gear Solid V: Ground Zeroes,https://mrchristianq.github.io/chris-delicious-library/covers/games/metal-gear-solid-v-ground-zeroes.jpg
Dark Souls II,https://mrchristianq.github.io/chris-delicious-library/covers/games/dark-souls-ii.jpg
Vertiginous Golf,https://mrchristianq.github.io/chris-delicious-library/covers/games/vertiginous-golf.jpg
South Park: The Stick of Truth,https://mrchristianq.github.io/chris-delicious-library/covers/games/south-park-the-stick-of-truth.jpg
Castlevania: Lords of Shadow 2,https://mrchristianq.github.io/chris-delicious-library/covers/games/castlevania-lords-of-shadow-2.jpg
Skyborn,https://mrchristianq.github.io/chris-delicious-library/covers/games/skyborn.jpg
Game of Thrones: Ascent,https://mrchristianq.github.io/chris-delicious-library/covers/games/game-of-thrones-ascent.jpg
Retro City Rampage DX,https://mrchristianq.github.io/chris-delicious-library/covers/games/retro-city-rampage-dx.jpg
Platformines,https://mrchristianq.github.io/chris-delicious-library/covers/games/platformines.jpg
Corporate Lifestyle Simulator,https://mrchristianq.github.io/chris-delicious-library/covers/games/corporate-lifestyle-simulator.jpg
Tomb Raider: Game of the Year Edition,https://mrchristianq.github.io/chris-delicious-library/covers/games/tomb-raider-game-of-the-year-edition.jpg
Mario Kart Wii: CTGP Revolution,https://mrchristianq.github.io/chris-delicious-library/covers/games/mario-kart-wii-ctgp-revolution.jpg
Euro Truck Simulator 2: Legendary Edition,https://mrchristianq.github.io/chris-delicious-library/covers/games/euro-truck-simulator-2-legendary-edition.jpg
Final Fantasy X/X-2 HD Remaster,https://mrchristianq.github.io/chris-delicious-library/covers/games/final-fantasy-xx-2-hd-remaster.jpg
Night in the Woods: Longest Night,https://mrchristianq.github.io/chris-delicious-library/covers/games/night-in-the-woods-longest-night.jpg
The Walking Dead: Season Two,https://mrchristianq.github.io/chris-delicious-library/covers/games/the-walking-dead-season-two.jpg
Final Fantasy VIII,https://mrchristianq.github.io/chris-delicious-library/covers/games/final-fantasy-viii.jpg
Ryse: Son of Rome,https://mrchristianq.github.io/chris-delicious-library/covers/games/ryse-son-of-rome.jpg
Dead Rising 3,https://mrchristianq.github.io/chris-delicious-library/covers/games/dead-rising-3.jpg
Dead Rising 3,https://mrchristianq.github.io/chris-delicious-library/covers/games/dead-rising-3.jpg
Lightning Returns: Final Fantasy XIII,https://mrchristianq.github.io/chris-delicious-library/covers/games/lightning-returns-final-fantasy-xiii.jpg
Lightning Returns: Final Fantasy XIII,https://mrchristianq.github.io/chris-delicious-library/covers/games/lightning-returns-final-fantasy-xiii.jpg
Knack,https://mrchristianq.github.io/chris-delicious-library/covers/games/knack.jpg
The Typing of the Dead: Overkill,https://mrchristianq.github.io/chris-delicious-library/covers/games/the-typing-of-the-dead-overkill.jpg
Battlefield 4,https://mrchristianq.github.io/chris-delicious-library/covers/games/battlefield-4.jpg
Castlevania: Lords of Shadow - Mirror of Fate HD,https://mrchristianq.github.io/chris-delicious-library/covers/games/castlevania-lords-of-shadow-mirror-of-fate-hd.jpg
Enslaved: Odyssey to the West Premium Edition,https://mrchristianq.github.io/chris-delicious-library/covers/games/enslaved-odyssey-to-the-west-premium-edition.jpg
The Stanley Parable,https://mrchristianq.github.io/chris-delicious-library/covers/games/the-stanley-parable.jpg
Monster High: 13 Wishes,https://mrchristianq.github.io/chris-delicious-library/covers/games/monster-high-13-wishes.jpg
Batman: Arkham Origins,https://mrchristianq.github.io/chris-delicious-library/covers/games/batman-arkham-origins.jpg
Blue Estate,https://mrchristianq.github.io/chris-delicious-library/covers/games/blue-estate.jpg
Viscera Cleanup Detail: Shadow Warrior,https://mrchristianq.github.io/chris-delicious-library/covers/games/viscera-cleanup-detail-shadow-warrior.jpg
Tales of Symphonia,https://mrchristianq.github.io/chris-delicious-library/covers/games/tales-of-symphonia.jpg
Pac-Man: Championship Edition DX+,https://mrchristianq.github.io/chris-delicious-library/covers/games/pac-man-championship-edition-dx.jpg
Volgarr the Viking,https://mrchristianq.github.io/chris-delicious-library/covers/games/volgarr-the-viking.jpg
God of War Ragnarök,https://mrchristianq.github.io/chris-delicious-library/covers/games/god-of-war-ragnark.jpg
Outlast,https://mrchristianq.github.io/chris-delicious-library/covers/games/outlast.jpg
Rayman Legends,https://mrchristianq.github.io/chris-delicious-library/covers/games/rayman-legends.jpg
Rayman Legends,https://mrchristianq.github.io/chris-delicious-library/covers/games/rayman-legends.jpg
Castlevania: Lords of Shadow - Ultimate Edition,https://mrchristianq.github.io/chris-delicious-library/covers/games/castlevania-lords-of-shadow-ultimate-edition.jpg
Tom Clancy's Splinter Cell: Blacklist,https://mrchristianq.github.io/chris-delicious-library/covers/games/tom-clancys-splinter-cell-blacklist.jpg
Tom Clancy's Splinter Cell: Blacklist,https://mrchristianq.github.io/chris-delicious-library/covers/games/tom-clancys-splinter-cell-blacklist.jpg
Saints Row IV,https://mrchristianq.github.io/chris-delicious-library/covers/games/saints-row-iv.jpg
Gone Home,https://mrchristianq.github.io/chris-delicious-library/covers/games/gone-home.jpg
Gone Home,https://mrchristianq.github.io/chris-delicious-library/covers/games/gone-home.jpg
DuckTales: Remastered,https://mrchristianq.github.io/chris-delicious-library/covers/games/ducktales-remastered.jpg
Rogue Legacy,https://mrchristianq.github.io/chris-delicious-library/covers/games/rogue-legacy.jpg
Rogue Legacy,https://mrchristianq.github.io/chris-delicious-library/covers/games/rogue-legacy.jpg
Call of Juarez: Gunslinger,https://mrchristianq.github.io/chris-delicious-library/covers/games/call-of-juarez-gunslinger.jpg
Resident Evil: Revelations,https://mrchristianq.github.io/chris-delicious-library/covers/games/resident-evil-revelations.jpg
Metro: Last Light,https://mrchristianq.github.io/chris-delicious-library/covers/games/metro-last-light.jpg
Deadly Premonition: Director's Cut,https://mrchristianq.github.io/chris-delicious-library/covers/games/deadly-premonition-directors-cut.jpg
Zeno Clash II,https://mrchristianq.github.io/chris-delicious-library/covers/games/zeno-clash-ii.jpg
Far Cry 3: Blood Dragon,https://mrchristianq.github.io/chris-delicious-library/covers/games/far-cry-3-blood-dragon.jpg
Far Cry 3: Blood Dragon,https://mrchristianq.github.io/chris-delicious-library/covers/games/far-cry-3-blood-dragon.jpg
Castle of Illusion Starring Mickey Mouse,https://mrchristianq.github.io/chris-delicious-library/covers/games/castle-of-illusion-starring-mickey-mouse.jpg
Dragon's Dogma: Dark Arisen,https://mrchristianq.github.io/chris-delicious-library/covers/games/dragons-dogma-dark-arisen.jpg
Dragon's Dogma: Dark Arisen,https://mrchristianq.github.io/chris-delicious-library/covers/games/dragons-dogma-dark-arisen.jpg
Star Trek: The Video Game,https://mrchristianq.github.io/chris-delicious-library/covers/games/star-trek-the-video-game.jpg
Sacred Citadel,https://mrchristianq.github.io/chris-delicious-library/covers/games/sacred-citadel.jpg
BioShock Infinite,https://mrchristianq.github.io/chris-delicious-library/covers/games/bioshock-infinite.jpg
Trials Evolution: Gold Edition,https://mrchristianq.github.io/chris-delicious-library/covers/games/trials-evolution-gold-edition.jpg
Trials Evolution: Gold Edition,https://mrchristianq.github.io/chris-delicious-library/covers/games/trials-evolution-gold-edition.jpg
Luigi's Mansion: Dark Moon,https://mrchristianq.github.io/chris-delicious-library/covers/games/luigis-mansion-dark-moon.jpg
Crysis 3,https://mrchristianq.github.io/chris-delicious-library/covers/games/crysis-3.jpg
Dead Space 3,https://mrchristianq.github.io/chris-delicious-library/covers/games/dead-space-3.jpg
DmC: Devil May Cry,https://mrchristianq.github.io/chris-delicious-library/covers/games/dmc-devil-may-cry.jpg
Sacred 2 Gold,https://mrchristianq.github.io/chris-delicious-library/covers/games/sacred-2-gold.jpg
Far Cry 3,https://mrchristianq.github.io/chris-delicious-library/covers/games/far-cry-3.jpg
Far Cry 3,https://mrchristianq.github.io/chris-delicious-library/covers/games/far-cry-3.jpg
Hitman: Absolution,https://mrchristianq.github.io/chris-delicious-library/covers/games/hitman-absolution.jpg
Scribblenauts Unlimited,https://mrchristianq.github.io/chris-delicious-library/covers/games/scribblenauts-unlimited.jpg
Halo 4,https://mrchristianq.github.io/chris-delicious-library/covers/games/halo-4.jpg
Tales of Xillia 2,https://mrchristianq.github.io/chris-delicious-library/covers/games/tales-of-xillia-2.jpg
Painkiller: Hell & Damnation,https://mrchristianq.github.io/chris-delicious-library/covers/games/painkiller-hell-damnation.jpg
Assassin's Creed III,https://mrchristianq.github.io/chris-delicious-library/covers/games/assassins-creed-iii.jpg
Assassin's Creed III,https://mrchristianq.github.io/chris-delicious-library/covers/games/assassins-creed-iii.jpg
LEGO The Lord of the Rings,https://mrchristianq.github.io/chris-delicious-library/covers/games/lego-the-lord-of-the-rings.jpg
Ōkami HD,https://mrchristianq.github.io/chris-delicious-library/covers/games/kami-hd.jpg
LEGO The Lord of the Rings,https://mrchristianq.github.io/chris-delicious-library/covers/games/lego-the-lord-of-the-rings.jpg
Wii Sports + Wii Sports Resort,https://mrchristianq.github.io/chris-delicious-library/covers/games/wii-sports-wii-sports-resort.jpg
Divinity II: Developer's Cut,https://mrchristianq.github.io/chris-delicious-library/covers/games/divinity-ii-developers-cut.jpg
Hotline Miami,https://mrchristianq.github.io/chris-delicious-library/covers/games/hotline-miami.jpg
Doom 3: BFG Edition,https://mrchristianq.github.io/chris-delicious-library/covers/games/doom-3-bfg-edition.jpg
Doom 3: Resurrection of Evil,https://mrchristianq.github.io/chris-delicious-library/covers/games/doom-3-resurrection-of-evil.jpg
Dishonored,https://mrchristianq.github.io/chris-delicious-library/covers/games/dishonored.jpg
Dishonored,https://mrchristianq.github.io/chris-delicious-library/covers/games/dishonored.jpg
Resident Evil 6,https://mrchristianq.github.io/chris-delicious-library/covers/games/resident-evil-6.jpg
Sonic Adventure 2,https://mrchristianq.github.io/chris-delicious-library/covers/games/sonic-adventure-2.jpg
Resident Evil 6,https://mrchristianq.github.io/chris-delicious-library/covers/games/resident-evil-6.jpg
Torchlight II,https://mrchristianq.github.io/chris-delicious-library/covers/games/torchlight-ii.jpg
Torchlight II,https://mrchristianq.github.io/chris-delicious-library/covers/games/torchlight-ii.jpg
Jet Set Radio,https://mrchristianq.github.io/chris-delicious-library/covers/games/jet-set-radio.jpg
Borderlands 2,https://mrchristianq.github.io/chris-delicious-library/covers/games/borderlands-2.jpg
Borderlands 2,https://mrchristianq.github.io/chris-delicious-library/covers/games/borderlands-2.jpg
FTL: Faster Than Light,https://mrchristianq.github.io/chris-delicious-library/covers/games/ftl-faster-than-light.jpg
Dark Souls: Prepare to Die Edition,https://mrchristianq.github.io/chris-delicious-library/covers/games/dark-souls-prepare-to-die-edition.jpg
Darksiders II,https://mrchristianq.github.io/chris-delicious-library/covers/games/darksiders-ii.jpg
Sleeping Dogs,https://mrchristianq.github.io/chris-delicious-library/covers/games/sleeping-dogs.jpg
New Super Mario Bros. 2,https://mrchristianq.github.io/chris-delicious-library/covers/games/new-super-mario-bros-2.jpg
Spelunky,https://mrchristianq.github.io/chris-delicious-library/covers/games/spelunky.jpg
Spec Ops: The Line,https://mrchristianq.github.io/chris-delicious-library/covers/games/spec-ops-the-line.jpg
SpellForce 2: Faith in Destiny,https://mrchristianq.github.io/chris-delicious-library/covers/games/spellforce-2-faith-in-destiny.jpg
Lollipop Chainsaw,https://mrchristianq.github.io/chris-delicious-library/covers/games/lollipop-chainsaw.jpg
Batman: Arkham City - Game of the Year Edition,https://mrchristianq.github.io/chris-delicious-library/covers/games/batman-arkham-city-game-of-the-year-edition.jpg
Risen 2: Dark Waters - The Air Temple,https://mrchristianq.github.io/chris-delicious-library/covers/games/risen-2-dark-waters-the-air-temple.jpg
Dirt Showdown,https://mrchristianq.github.io/chris-delicious-library/covers/games/dirt-showdown.jpg
Max Payne 3,https://mrchristianq.github.io/chris-delicious-library/covers/games/max-payne-3.jpg
Game of Thrones,https://mrchristianq.github.io/chris-delicious-library/covers/games/game-of-thrones.jpg
Game of Thrones,https://mrchristianq.github.io/chris-delicious-library/covers/games/game-of-thrones.jpg
BS The Legend of Zelda ""MottZilla Patch"",https://mrchristianq.github.io/chris-delicious-library/covers/games/bs-the-legend-of-zelda-mottzilla-patch.jpg
Sniper Elite V2,https://mrchristianq.github.io/chris-delicious-library/covers/games/sniper-elite-v2.jpg
The Walking Dead,https://mrchristianq.github.io/chris-delicious-library/covers/games/the-walking-dead.jpg
The Witcher 2: Assassins of Kings - Enhanced Edition,https://mrchristianq.github.io/chris-delicious-library/covers/games/the-witcher-2-assassins-of-kings-enhanced-edition.jpg
The Witcher 2: Assassins of Kings - Enhanced Edition,https://mrchristianq.github.io/chris-delicious-library/covers/games/the-witcher-2-assassins-of-kings-enhanced-edition.jpg
The Witcher 2: Assassins of Kings - Enhanced Edition,https://mrchristianq.github.io/chris-delicious-library/covers/games/the-witcher-2-assassins-of-kings-enhanced-edition.jpg
Tom Clancy's Rainbow Six: Vegas 2 / Tom Clancy's Ghost Recon: Advanced Warfighter 2,https://mrchristianq.github.io/chris-delicious-library/covers/games/tom-clancys-rainbow-six-vegas-2-tom-clancys-ghost-.jpg
Ridge Racer Unbounded,https://mrchristianq.github.io/chris-delicious-library/covers/games/ridge-racer-unbounded.jpg
Silent Hill 2,https://mrchristianq.github.io/chris-delicious-library/covers/games/silent-hill-2.jpg
Mass Effect 3: N7 Digital Deluxe Edition,https://mrchristianq.github.io/chris-delicious-library/covers/games/mass-effect-3-n7-digital-deluxe-edition.jpg
Mortal Kombat: Komplete Edition,https://mrchristianq.github.io/chris-delicious-library/covers/games/mortal-kombat-komplete-edition.jpg
Alan Wake's American Nightmare,https://mrchristianq.github.io/chris-delicious-library/covers/games/alan-wakes-american-nightmare.jpg
Alan Wake's American Nightmare,https://mrchristianq.github.io/chris-delicious-library/covers/games/alan-wakes-american-nightmare.jpg
Rayman Origins,https://mrchristianq.github.io/chris-delicious-library/covers/games/rayman-origins.jpg
Kingdoms of Amalur: Reckoning,https://mrchristianq.github.io/chris-delicious-library/covers/games/kingdoms-of-amalur-reckoning.jpg
Shadow of the Colossus,https://mrchristianq.github.io/chris-delicious-library/covers/games/shadow-of-the-colossus.jpg
Shadow of the Colossus,https://mrchristianq.github.io/chris-delicious-library/covers/games/shadow-of-the-colossus.jpg
Ico,https://mrchristianq.github.io/chris-delicious-library/covers/games/ico.jpg
Final Fantasy XIII-2,https://mrchristianq.github.io/chris-delicious-library/covers/games/final-fantasy-xiii-2.jpg
RPG Maker VX Ace,https://mrchristianq.github.io/chris-delicious-library/covers/games/rpg-maker-vx-ace.jpg
Sonic CD,https://mrchristianq.github.io/chris-delicious-library/covers/games/sonic-cd.jpg
Trine 2,https://mrchristianq.github.io/chris-delicious-library/covers/games/trine-2.jpg
The House of the Dead: Overkill - Extended Cut,https://mrchristianq.github.io/chris-delicious-library/covers/games/the-house-of-the-dead-overkill-extended-cut.jpg
The House of the Dead: Overkill - Extended Cut,https://mrchristianq.github.io/chris-delicious-library/covers/games/the-house-of-the-dead-overkill-extended-cut.jpg
Sonic Generations,https://mrchristianq.github.io/chris-delicious-library/covers/games/sonic-generations.jpg
Ni no Kuni: Wrath of the White Witch,https://mrchristianq.github.io/chris-delicious-library/covers/games/ni-no-kuni-wrath-of-the-white-witch.jpg
Sea Stars,https://mrchristianq.github.io/chris-delicious-library/covers/games/sea-stars.jpg
Need for Speed: The Run,https://mrchristianq.github.io/chris-delicious-library/covers/games/need-for-speed-the-run.jpg
Plants vs. Zombies,https://mrchristianq.github.io/chris-delicious-library/covers/games/plants-vs-zombies.jpg
Saints Row: The Third,https://mrchristianq.github.io/chris-delicious-library/covers/games/saints-row-the-third.jpg
The Elder Scrolls V: Skyrim,https://mrchristianq.github.io/chris-delicious-library/covers/games/the-elder-scrolls-v-skyrim.jpg
L.A. Noire: The Complete Edition,https://mrchristianq.github.io/chris-delicious-library/covers/games/la-noire-the-complete-edition.jpg
The Lord of the Rings: War in the North,https://mrchristianq.github.io/chris-delicious-library/covers/games/the-lord-of-the-rings-war-in-the-north.jpg
The Lord of the Rings: War in the North,https://mrchristianq.github.io/chris-delicious-library/covers/games/the-lord-of-the-rings-war-in-the-north.jpg
Battlefield 3,https://mrchristianq.github.io/chris-delicious-library/covers/games/battlefield-3.jpg
Forza Motorsport 4,https://mrchristianq.github.io/chris-delicious-library/covers/games/forza-motorsport-4.jpg
Rage,https://mrchristianq.github.io/chris-delicious-library/covers/games/rage.jpg
The Ico & Shadow of the Colossus Collection,https://mrchristianq.github.io/chris-delicious-library/covers/games/the-ico-shadow-of-the-colossus-collection.jpg
Renegade Ops,https://mrchristianq.github.io/chris-delicious-library/covers/games/renegade-ops.jpg
God of War: Origins Collection,https://mrchristianq.github.io/chris-delicious-library/covers/games/god-of-war-origins-collection.jpg
Tropico 4,https://mrchristianq.github.io/chris-delicious-library/covers/games/tropico-4.jpg
Deus Ex: Human Revolution,https://mrchristianq.github.io/chris-delicious-library/covers/games/deus-ex-human-revolution.jpg
F.E.A.R. 3,https://mrchristianq.github.io/chris-delicious-library/covers/games/fear-3.jpg
Shadows of the Damned,https://mrchristianq.github.io/chris-delicious-library/covers/games/shadows-of-the-damned.jpg
Yakuza: Dead Souls,https://mrchristianq.github.io/chris-delicious-library/covers/games/yakuza-dead-souls.jpg
Red Faction: Armageddon,https://mrchristianq.github.io/chris-delicious-library/covers/games/red-faction-armageddon.jpg
L.A. Noire,https://mrchristianq.github.io/chris-delicious-library/covers/games/la-noire.jpg
L.A. Noire,https://mrchristianq.github.io/chris-delicious-library/covers/games/la-noire.jpg
Portal 2,https://mrchristianq.github.io/chris-delicious-library/covers/games/portal-2.jpg
Superbrothers: Sword & Sworcery EP,https://mrchristianq.github.io/chris-delicious-library/covers/games/superbrothers-sword-sworcery-ep.jpg
Crysis 2: Maximum Edition,https://mrchristianq.github.io/chris-delicious-library/covers/games/crysis-2-maximum-edition.jpg
Killzone 3,https://mrchristianq.github.io/chris-delicious-library/covers/games/killzone-3.jpg
Catherine,https://mrchristianq.github.io/chris-delicious-library/covers/games/catherine.jpg
NBA Jam,https://mrchristianq.github.io/chris-delicious-library/covers/games/nba-jam.jpg
Dead Space,https://mrchristianq.github.io/chris-delicious-library/covers/games/dead-space.jpg
Dead Space,https://mrchristianq.github.io/chris-delicious-library/covers/games/dead-space.jpg
Dead Space,https://mrchristianq.github.io/chris-delicious-library/covers/games/dead-space.jpg
Gran Turismo 5,https://mrchristianq.github.io/chris-delicious-library/covers/games/gran-turismo-5.jpg
Two Worlds II,https://mrchristianq.github.io/chris-delicious-library/covers/games/two-worlds-ii.jpg
Two Worlds II,https://mrchristianq.github.io/chris-delicious-library/covers/games/two-worlds-ii.jpg
Blood Bowl: Legendary Edition,https://mrchristianq.github.io/chris-delicious-library/covers/games/blood-bowl-legendary-edition.jpg
Pinball FX2,https://mrchristianq.github.io/chris-delicious-library/covers/games/pinball-fx2.jpg
Red Dead Redemption: Undead Nightmare,https://mrchristianq.github.io/chris-delicious-library/covers/games/red-dead-redemption-undead-nightmare.jpg
Grand Theft Auto IV: Complete Edition,https://mrchristianq.github.io/chris-delicious-library/covers/games/grand-theft-auto-iv-complete-edition.jpg
Fable III,https://mrchristianq.github.io/chris-delicious-library/covers/games/fable-iii.jpg
Costume Quest,https://mrchristianq.github.io/chris-delicious-library/covers/games/costume-quest.jpg
Fallout: New Vegas,https://mrchristianq.github.io/chris-delicious-library/covers/games/fallout-new-vegas.jpg
Fallout: New Vegas,https://mrchristianq.github.io/chris-delicious-library/covers/games/fallout-new-vegas.jpg
Time Crisis: Razing Storm,https://mrchristianq.github.io/chris-delicious-library/covers/games/time-crisis-razing-storm.jpg
Dragon's Lair Trilogy,https://mrchristianq.github.io/chris-delicious-library/covers/games/dragons-lair-trilogy.jpg
Kurohyou: Ryuu ga Gotoku Shinshou,https://mrchristianq.github.io/chris-delicious-library/covers/games/kurohyou-ryuu-ga-gotoku-shinshou.jpg
Front Mission Evolved,https://mrchristianq.github.io/chris-delicious-library/covers/games/front-mission-evolved.jpg
Amnesia: The Dark Descent,https://mrchristianq.github.io/chris-delicious-library/covers/games/amnesia-the-dark-descent.jpg
Kung Fu Rider,https://mrchristianq.github.io/chris-delicious-library/covers/games/kung-fu-rider.jpg
Perfected Doom 3,https://mrchristianq.github.io/chris-delicious-library/covers/games/perfected-doom-3.jpg
Scott Pilgrim vs. the World: The Game,https://mrchristianq.github.io/chris-delicious-library/covers/games/scott-pilgrim-vs-the-world-the-game.jpg
Limbo,https://mrchristianq.github.io/chris-delicious-library/covers/games/limbo.jpg
Sega Mega Drive and Genesis Classics,https://mrchristianq.github.io/chris-delicious-library/covers/games/sega-mega-drive-and-genesis-classics.jpg
Alpha Protocol,https://mrchristianq.github.io/chris-delicious-library/covers/games/alpha-protocol.jpg
Red Dead Redemption,https://mrchristianq.github.io/chris-delicious-library/covers/games/red-dead-redemption.jpg
Alan Wake,https://mrchristianq.github.io/chris-delicious-library/covers/games/alan-wake.jpg
Alan Wake,https://mrchristianq.github.io/chris-delicious-library/covers/games/alan-wake.jpg
Super Meat Boy Handheld!,https://mrchristianq.github.io/chris-delicious-library/covers/games/super-meat-boy-handheld.jpg
Batman: Arkham Asylum - Game of the Year Edition,https://mrchristianq.github.io/chris-delicious-library/covers/games/batman-arkham-asylum-game-of-the-year-edition.jpg
Just Cause 2,https://mrchristianq.github.io/chris-delicious-library/covers/games/just-cause-2.jpg
Metro 2033,https://mrchristianq.github.io/chris-delicious-library/covers/games/metro-2033.jpg
Yakuza 4,https://mrchristianq.github.io/chris-delicious-library/covers/games/yakuza-4.jpg
White Knight Chronicles: International Edition,https://mrchristianq.github.io/chris-delicious-library/covers/games/white-knight-chronicles-international-edition.jpg
Deadly Premonition,https://mrchristianq.github.io/chris-delicious-library/covers/games/deadly-premonition.jpg
Heavy Rain,https://mrchristianq.github.io/chris-delicious-library/covers/games/heavy-rain.jpg
Mass Effect 2,https://mrchristianq.github.io/chris-delicious-library/covers/games/mass-effect-2.jpg
Mass Effect 2,https://mrchristianq.github.io/chris-delicious-library/covers/games/mass-effect-2.jpg
BioShock,https://mrchristianq.github.io/chris-delicious-library/covers/games/bioshock.jpg
BioShock,https://mrchristianq.github.io/chris-delicious-library/covers/games/bioshock.jpg
Final Fantasy XIII,https://mrchristianq.github.io/chris-delicious-library/covers/games/final-fantasy-xiii.jpg
Final Fantasy XIII,https://mrchristianq.github.io/chris-delicious-library/covers/games/final-fantasy-xiii.jpg
Gyromancer,https://mrchristianq.github.io/chris-delicious-library/covers/games/gyromancer.jpg
Assassin's Creed II,https://mrchristianq.github.io/chris-delicious-library/covers/games/assassins-creed-ii.jpg
Left 4 Dead 2,https://mrchristianq.github.io/chris-delicious-library/covers/games/left-4-dead-2.jpg
Call of Duty: Modern Warfare 2,https://mrchristianq.github.io/chris-delicious-library/covers/games/call-of-duty-modern-warfare-2.jpg
Call of Duty: Modern Warfare 2,https://mrchristianq.github.io/chris-delicious-library/covers/games/call-of-duty-modern-warfare-2.jpg
Call of Duty: Modern Warfare 2,https://mrchristianq.github.io/chris-delicious-library/covers/games/call-of-duty-modern-warfare-2.jpg
3D Dot Game Heroes,https://mrchristianq.github.io/chris-delicious-library/covers/games/3d-dot-game-heroes.jpg
Dragon Age: Origins,https://mrchristianq.github.io/chris-delicious-library/covers/games/dragon-age-origins.jpg
Forza Motorsport 3,https://mrchristianq.github.io/chris-delicious-library/covers/games/forza-motorsport-3.jpg
Fallout 3: Game of the Year Edition,https://mrchristianq.github.io/chris-delicious-library/covers/games/fallout-3-game-of-the-year-edition.jpg
Cities XL: Platinum,https://mrchristianq.github.io/chris-delicious-library/covers/games/cities-xl-platinum.jpg
Risen,https://mrchristianq.github.io/chris-delicious-library/covers/games/risen.jpg
Resident Evil 4,https://mrchristianq.github.io/chris-delicious-library/covers/games/resident-evil-4.jpg
Tales of Vesperia,https://mrchristianq.github.io/chris-delicious-library/covers/games/tales-of-vesperia.jpg
Resident Evil 4,https://mrchristianq.github.io/chris-delicious-library/covers/games/resident-evil-4.jpg
Resident Evil 4 VR,https://mrchristianq.github.io/chris-delicious-library/covers/games/resident-evil-4-vr.jpg
Zuma's Revenge!,https://mrchristianq.github.io/chris-delicious-library/covers/games/zumas-revenge.jpg
Mirror's Edge,https://mrchristianq.github.io/chris-delicious-library/covers/games/mirrors-edge.jpg
Batman: Arkham Asylum,https://mrchristianq.github.io/chris-delicious-library/covers/games/batman-arkham-asylum.jpg
Dragon Quest IX: Sentinels of the Starry Skies,https://mrchristianq.github.io/chris-delicious-library/covers/games/dragon-quest-ix-sentinels-of-the-starry-skies.jpg
Ghostbusters: The Video Game,https://mrchristianq.github.io/chris-delicious-library/covers/games/ghostbusters-the-video-game.jpg
Ghostbusters: The Video Game,https://mrchristianq.github.io/chris-delicious-library/covers/games/ghostbusters-the-video-game.jpg
New Play Control! Metroid Prime 2: Dark Echoes,https://mrchristianq.github.io/chris-delicious-library/covers/games/new-play-control-metroid-prime-2-dark-echoes.jpg
Infamous,https://mrchristianq.github.io/chris-delicious-library/covers/games/infamous.jpg
Command & Conquer: Red Alert 3 - Uprising,https://mrchristianq.github.io/chris-delicious-library/covers/games/command-conquer-red-alert-3-uprising.jpg
Resident Evil 5,https://mrchristianq.github.io/chris-delicious-library/covers/games/resident-evil-5.jpg
Resident Evil 5,https://mrchristianq.github.io/chris-delicious-library/covers/games/resident-evil-5.jpg
Yakuza 3,https://mrchristianq.github.io/chris-delicious-library/covers/games/yakuza-3.jpg
F.E.A.R. 2: Project Origin,https://mrchristianq.github.io/chris-delicious-library/covers/games/fear-2-project-origin.jpg
Burnout Paradise: The Ultimate Box,https://mrchristianq.github.io/chris-delicious-library/covers/games/burnout-paradise-the-ultimate-box.jpg
Resident Evil: The Darkside Chronicles,https://mrchristianq.github.io/chris-delicious-library/covers/games/resident-evil-the-darkside-chronicles.jpg
Super Smash Bros. Brawl,https://mrchristianq.github.io/chris-delicious-library/covers/games/super-smash-bros-brawl.jpg
Mario Party 8,https://mrchristianq.github.io/chris-delicious-library/covers/games/mario-party-8.jpg
Banjo-Kazooie,https://mrchristianq.github.io/chris-delicious-library/covers/games/banjo-kazooie.jpg
Prince of Persia,https://mrchristianq.github.io/chris-delicious-library/covers/games/prince-of-persia.jpg
Tomb Raider: Underworld,https://mrchristianq.github.io/chris-delicious-library/covers/games/tomb-raider-underworld.jpg
Tomb Raider: Underworld,https://mrchristianq.github.io/chris-delicious-library/covers/games/tomb-raider-underworld.jpg
Banjo-Kazooie: Nuts & Bolts,https://mrchristianq.github.io/chris-delicious-library/covers/games/banjo-kazooie-nuts-bolts.jpg
Command & Conquer: Red Alert 3,https://mrchristianq.github.io/chris-delicious-library/covers/games/command-conquer-red-alert-3.jpg
MotorStorm: Pacific Rift,https://mrchristianq.github.io/chris-delicious-library/covers/games/motorstorm-pacific-rift.jpg
Fable II,https://mrchristianq.github.io/chris-delicious-library/covers/games/fable-ii.jpg
Saints Row 2,https://mrchristianq.github.io/chris-delicious-library/covers/games/saints-row-2.jpg
Saints Row 2,https://mrchristianq.github.io/chris-delicious-library/covers/games/saints-row-2.jpg
Saints Row 2,https://mrchristianq.github.io/chris-delicious-library/covers/games/saints-row-2.jpg
Saints Row 2,https://mrchristianq.github.io/chris-delicious-library/covers/games/saints-row-2.jpg
Dead Space,https://mrchristianq.github.io/chris-delicious-library/covers/games/dead-space.jpg
World of Goo,https://mrchristianq.github.io/chris-delicious-library/covers/games/world-of-goo.jpg
The Witcher: Enhanced Edition,https://mrchristianq.github.io/chris-delicious-library/covers/games/the-witcher-enhanced-edition.jpg
The Witcher: Enhanced Edition,https://mrchristianq.github.io/chris-delicious-library/covers/games/the-witcher-enhanced-edition.jpg
Rock Band 2,https://mrchristianq.github.io/chris-delicious-library/covers/games/rock-band-2.jpg
Viva Piñata: Pocket Paradise,https://mrchristianq.github.io/chris-delicious-library/covers/games/viva-piata-pocket-paradise.jpg
Infinite Undiscovery,https://mrchristianq.github.io/chris-delicious-library/covers/games/infinite-undiscovery.jpg
Too Human,https://mrchristianq.github.io/chris-delicious-library/covers/games/too-human.jpg
Tales of Vesperia,https://mrchristianq.github.io/chris-delicious-library/covers/games/tales-of-vesperia.jpg
Street Fighter IV,https://mrchristianq.github.io/chris-delicious-library/covers/games/street-fighter-iv.jpg
Resident Evil Archives: Resident Evil,https://mrchristianq.github.io/chris-delicious-library/covers/games/resident-evil-archives-resident-evil.jpg
Alone in the Dark,https://mrchristianq.github.io/chris-delicious-library/covers/games/alone-in-the-dark.jpg
Metal Gear Solid 4: Guns of the Patriots,https://mrchristianq.github.io/chris-delicious-library/covers/games/metal-gear-solid-4-guns-of-the-patriots.jpg
LEGO Indiana Jones: The Original Adventures,https://mrchristianq.github.io/chris-delicious-library/covers/games/lego-indiana-jones-the-original-adventures.jpg
Grand Theft Auto IV,https://mrchristianq.github.io/chris-delicious-library/covers/games/grand-theft-auto-iv.jpg
Assassin's Creed: Altair's Chronicles,https://mrchristianq.github.io/chris-delicious-library/covers/games/assassins-creed-altairs-chronicles.jpg
Bully: Scholarship Edition,https://mrchristianq.github.io/chris-delicious-library/covers/games/bully-scholarship-edition.jpg
Bully: Scholarship Edition,https://mrchristianq.github.io/chris-delicious-library/covers/games/bully-scholarship-edition.jpg
Devil May Cry 4,https://mrchristianq.github.io/chris-delicious-library/covers/games/devil-may-cry-4.jpg
Burnout Paradise,https://mrchristianq.github.io/chris-delicious-library/covers/games/burnout-paradise.jpg
Gran Turismo 5 Prologue,https://mrchristianq.github.io/chris-delicious-library/covers/games/gran-turismo-5-prologue.jpg
Lost Odyssey,https://mrchristianq.github.io/chris-delicious-library/covers/games/lost-odyssey.jpg
Mass Effect,https://mrchristianq.github.io/chris-delicious-library/covers/games/mass-effect.jpg
Resident Evil: The Umbrella Chronicles,https://mrchristianq.github.io/chris-delicious-library/covers/games/resident-evil-the-umbrella-chronicles.jpg
Gears of War,https://mrchristianq.github.io/chris-delicious-library/covers/games/gears-of-war.jpg
Supreme Commander: Forged Alliance,https://mrchristianq.github.io/chris-delicious-library/covers/games/supreme-commander-forged-alliance.jpg
Call of Duty 4: Modern Warfare,https://mrchristianq.github.io/chris-delicious-library/covers/games/call-of-duty-4-modern-warfare.jpg
Super Mario Galaxy,https://mrchristianq.github.io/chris-delicious-library/covers/games/super-mario-galaxy.jpg
The Simpsons Game,https://mrchristianq.github.io/chris-delicious-library/covers/games/the-simpsons-game.jpg
The Orange Box,https://mrchristianq.github.io/chris-delicious-library/covers/games/the-orange-box.jpg
Half-Life 2: Episode Two,https://mrchristianq.github.io/chris-delicious-library/covers/games/half-life-2-episode-two.jpg
Project Gotham Racing 4,https://mrchristianq.github.io/chris-delicious-library/covers/games/project-gotham-racing-4.jpg
Peggle Extreme,https://mrchristianq.github.io/chris-delicious-library/covers/games/peggle-extreme.jpg
Stranglehold,https://mrchristianq.github.io/chris-delicious-library/covers/games/stranglehold.jpg
Monster Madness: Battle for Suburbia,https://mrchristianq.github.io/chris-delicious-library/covers/games/monster-madness-battle-for-suburbia.jpg
Tomb Raider: Anniversary,https://mrchristianq.github.io/chris-delicious-library/covers/games/tomb-raider-anniversary.jpg
Tomb Raider: Anniversary,https://mrchristianq.github.io/chris-delicious-library/covers/games/tomb-raider-anniversary.jpg
Tomb Raider: Anniversary,https://mrchristianq.github.io/chris-delicious-library/covers/games/tomb-raider-anniversary.jpg
God of War II,https://mrchristianq.github.io/chris-delicious-library/covers/games/god-of-war-ii.jpg
Peggle,https://mrchristianq.github.io/chris-delicious-library/covers/games/peggle.jpg
Crackdown,https://mrchristianq.github.io/chris-delicious-library/covers/games/crackdown.jpg
Supreme Commander,https://mrchristianq.github.io/chris-delicious-library/covers/games/supreme-commander.jpg
Yosumin!,https://mrchristianq.github.io/chris-delicious-library/covers/games/yosumin.jpg
Ys Origin,https://mrchristianq.github.io/chris-delicious-library/covers/games/ys-origin.jpg
Earth Defense Force 2017,https://mrchristianq.github.io/chris-delicious-library/covers/games/earth-defense-force-2017.jpg
Yakuza 2,https://mrchristianq.github.io/chris-delicious-library/covers/games/yakuza-2.jpg
Blue Dragon,https://mrchristianq.github.io/chris-delicious-library/covers/games/blue-dragon.jpg
The Legend of Zelda: Twilight Princess,https://mrchristianq.github.io/chris-delicious-library/covers/games/the-legend-of-zelda-twilight-princess.jpg
Sneak King,https://mrchristianq.github.io/chris-delicious-library/covers/games/sneak-king.jpg
Pocket Bike Racer,https://mrchristianq.github.io/chris-delicious-library/covers/games/pocket-bike-racer.jpg
Grand Theft Auto: Vice City Stories,https://mrchristianq.github.io/chris-delicious-library/covers/games/grand-theft-auto-vice-city-stories.jpg
Final Fantasy XII: Collector's Edition,https://mrchristianq.github.io/chris-delicious-library/covers/games/final-fantasy-xii-collectors-edition.jpg
Bully,https://mrchristianq.github.io/chris-delicious-library/covers/games/bully.jpg
The Guild 2,https://mrchristianq.github.io/chris-delicious-library/covers/games/the-guild-2.jpg
Just Cause,https://mrchristianq.github.io/chris-delicious-library/covers/games/just-cause.jpg
LEGO Star Wars II: The Original Trilogy,https://mrchristianq.github.io/chris-delicious-library/covers/games/lego-star-wars-ii-the-original-trilogy.jpg
Scarface: The World Is Yours,https://mrchristianq.github.io/chris-delicious-library/covers/games/scarface-the-world-is-yours.jpg
Grand Theft Auto: Liberty City Stories,https://mrchristianq.github.io/chris-delicious-library/covers/games/grand-theft-auto-liberty-city-stories.jpg
Half-Life 2: Episode One,https://mrchristianq.github.io/chris-delicious-library/covers/games/half-life-2-episode-one.jpg
Half-Life Deathmatch: Source,https://mrchristianq.github.io/chris-delicious-library/covers/games/half-life-deathmatch-source.jpg
Tomb Raider: Legend,https://mrchristianq.github.io/chris-delicious-library/covers/games/tomb-raider-legend.jpg
The Godfather,https://mrchristianq.github.io/chris-delicious-library/covers/games/the-godfather.jpg
The Elder Scrolls IV: Oblivion,https://mrchristianq.github.io/chris-delicious-library/covers/games/the-elder-scrolls-iv-oblivion.jpg
The Elder Scrolls IV: Oblivion,https://mrchristianq.github.io/chris-delicious-library/covers/games/the-elder-scrolls-iv-oblivion.jpg
Final Fantasy XII,https://mrchristianq.github.io/chris-delicious-library/covers/games/final-fantasy-xii.jpg
Need for Speed: Most Wanted,https://mrchristianq.github.io/chris-delicious-library/covers/games/need-for-speed-most-wanted.jpg
Metal Gear Solid 3: Subsistence,https://mrchristianq.github.io/chris-delicious-library/covers/games/metal-gear-solid-3-subsistence.jpg
Rogue Galaxy,https://mrchristianq.github.io/chris-delicious-library/covers/games/rogue-galaxy.jpg
Kao the Kangaroo: Mystery of the Volcano,https://mrchristianq.github.io/chris-delicious-library/covers/games/kao-the-kangaroo-mystery-of-the-volcano.jpg
Star Wars: Battlefront II,https://mrchristianq.github.io/chris-delicious-library/covers/games/star-wars-battlefront-ii.jpg
Half-Life 2: Lost Coast,https://mrchristianq.github.io/chris-delicious-library/covers/games/half-life-2-lost-coast.jpg
Resident Evil 4,https://mrchristianq.github.io/chris-delicious-library/covers/games/resident-evil-4.jpg
Stubbs the Zombie in Rebel Without a Pulse,https://mrchristianq.github.io/chris-delicious-library/covers/games/stubbs-the-zombie-in-rebel-without-a-pulse.jpg
Grand Theft Auto: The Trilogy,https://mrchristianq.github.io/chris-delicious-library/covers/games/grand-theft-auto-the-trilogy.jpg
The Matrix: Path of Neo,https://mrchristianq.github.io/chris-delicious-library/covers/games/the-matrix-path-of-neo.jpg
Day of Defeat: Source,https://mrchristianq.github.io/chris-delicious-library/covers/games/day-of-defeat-source.jpg
Ys: The Oath in Felghana,https://mrchristianq.github.io/chris-delicious-library/covers/games/ys-the-oath-in-felghana.jpg
Jade Empire,https://mrchristianq.github.io/chris-delicious-library/covers/games/jade-empire.jpg
Tom Clancy's Splinter Cell: Chaos Theory,https://mrchristianq.github.io/chris-delicious-library/covers/games/tom-clancys-splinter-cell-chaos-theory.jpg
Resident Evil 4,https://mrchristianq.github.io/chris-delicious-library/covers/games/resident-evil-4.jpg
Ghost Squad,https://mrchristianq.github.io/chris-delicious-library/covers/games/ghost-squad.jpg
Gran Turismo 4,https://mrchristianq.github.io/chris-delicious-library/covers/games/gran-turismo-4.jpg
Cave Story,https://mrchristianq.github.io/chris-delicious-library/covers/games/cave-story.jpg
The Legend of Heroes II: Prophecy of the Moonlight Witch,https://mrchristianq.github.io/chris-delicious-library/covers/games/the-legend-of-heroes-ii-prophecy-of-the-moonlight-.jpg
Star Wars: Knights of the Old Republic II - The Sith Lords,https://mrchristianq.github.io/chris-delicious-library/covers/games/star-wars-knights-of-the-old-republic-ii-the-sith-.jpg
OutRun 2 SP: Special Tours,https://mrchristianq.github.io/chris-delicious-library/covers/games/outrun-2-sp-special-tours.jpg
Half-Life 2: Deathmatch,https://mrchristianq.github.io/chris-delicious-library/covers/games/half-life-2-deathmatch.jpg
Pinball Hall of Fame: The Gottlieb Collection,https://mrchristianq.github.io/chris-delicious-library/covers/games/pinball-hall-of-fame-the-gottlieb-collection.jpg
Halo 2,https://mrchristianq.github.io/chris-delicious-library/covers/games/halo-2.jpg
Medal of Honor: Pacific Assault,https://mrchristianq.github.io/chris-delicious-library/covers/games/medal-of-honor-pacific-assault.jpg
The Lord of the Rings: The Third Age,https://mrchristianq.github.io/chris-delicious-library/covers/games/the-lord-of-the-rings-the-third-age.jpg
Grand Theft Auto: San Andreas,https://mrchristianq.github.io/chris-delicious-library/covers/games/grand-theft-auto-san-andreas.jpg
Counter-Strike: Source,https://mrchristianq.github.io/chris-delicious-library/covers/games/counter-strike-source.jpg
Kingdom Hearts,https://mrchristianq.github.io/chris-delicious-library/covers/games/kingdom-hearts.jpg
Paper Mario: The Thousand-Year Door,https://mrchristianq.github.io/chris-delicious-library/covers/games/paper-mario-the-thousand-year-door.jpg
The Legend of Heroes: Trails in the Sky,https://mrchristianq.github.io/chris-delicious-library/covers/games/the-legend-of-heroes-trails-in-the-sky.jpg
Silent Hill 4: The Room,https://mrchristianq.github.io/chris-delicious-library/covers/games/silent-hill-4-the-room.jpg
Half-Life: Source,https://mrchristianq.github.io/chris-delicious-library/covers/games/half-life-source.jpg
Thief: Deadly Shadows,https://mrchristianq.github.io/chris-delicious-library/covers/games/thief-deadly-shadows.jpg
Counter-Strike: Condition Zero Deleted Scenes,https://mrchristianq.github.io/chris-delicious-library/covers/games/counter-strike-condition-zero-deleted-scenes.jpg
Shadow Hearts: Covenant,https://mrchristianq.github.io/chris-delicious-library/covers/games/shadow-hearts-covenant.jpg
OutRun 2,https://mrchristianq.github.io/chris-delicious-library/covers/games/outrun-2.jpg
Counter-Strike,https://mrchristianq.github.io/chris-delicious-library/covers/games/counter-strike.jpg
Manhunt,https://mrchristianq.github.io/chris-delicious-library/covers/games/manhunt.jpg
Manhunt,https://mrchristianq.github.io/chris-delicious-library/covers/games/manhunt.jpg
Prince of Persia: The Sands of Time,https://mrchristianq.github.io/chris-delicious-library/covers/games/prince-of-persia-the-sands-of-time.jpg
Beyond Good & Evil,https://mrchristianq.github.io/chris-delicious-library/covers/games/beyond-good-evil.jpg
Prince of Persia: The Sands of Time,https://mrchristianq.github.io/chris-delicious-library/covers/games/prince-of-persia-the-sands-of-time.jpg
Jak II,https://mrchristianq.github.io/chris-delicious-library/covers/games/jak-ii.jpg
Star Wars: Knights of the Old Republic,https://mrchristianq.github.io/chris-delicious-library/covers/games/star-wars-knights-of-the-old-republic.jpg
Evil Dead: A Fistful of Boomstick,https://mrchristianq.github.io/chris-delicious-library/covers/games/evil-dead-a-fistful-of-boomstick.jpg
Enter the Matrix,https://mrchristianq.github.io/chris-delicious-library/covers/games/enter-the-matrix.jpg
Day of Defeat,https://mrchristianq.github.io/chris-delicious-library/covers/games/day-of-defeat.jpg
Tom Clancy's Splinter Cell,https://mrchristianq.github.io/chris-delicious-library/covers/games/tom-clancys-splinter-cell.jpg
Final Fantasy X-2,https://mrchristianq.github.io/chris-delicious-library/covers/games/final-fantasy-x-2.jpg
Star Ocean: Till the End of Time,https://mrchristianq.github.io/chris-delicious-library/covers/games/star-ocean-till-the-end-of-time.jpg
Dark Cloud 2,https://mrchristianq.github.io/chris-delicious-library/covers/games/dark-cloud-2.jpg
Medal of Honor: Allied Assault - Spearhead,https://mrchristianq.github.io/chris-delicious-library/covers/games/medal-of-honor-allied-assault-spearhead.jpg
Final Fantasy XI Online,https://mrchristianq.github.io/chris-delicious-library/covers/games/final-fantasy-xi-online.jpg
The Elder Scrolls III: Morrowind,https://mrchristianq.github.io/chris-delicious-library/covers/games/the-elder-scrolls-iii-morrowind.jpg
Resident Evil,https://mrchristianq.github.io/chris-delicious-library/covers/games/resident-evil.jpg
The Legend of Zelda: Ocarina of Time - Master Quest,https://mrchristianq.github.io/chris-delicious-library/covers/games/the-legend-of-zelda-ocarina-of-time-master-quest.jpg
Xenosaga Episode I: Der Wille zur Macht,https://mrchristianq.github.io/chris-delicious-library/covers/games/xenosaga-episode-i-der-wille-zur-macht.jpg
Jak and Daxter: The Precursor Legacy,https://mrchristianq.github.io/chris-delicious-library/covers/games/jak-and-daxter-the-precursor-legacy.jpg
Halo: Combat Evolved,https://mrchristianq.github.io/chris-delicious-library/covers/games/halo-combat-evolved.jpg
Project Gotham Racing,https://mrchristianq.github.io/chris-delicious-library/covers/games/project-gotham-racing.jpg
Legacy of Kain: Soul Reaver 2,https://mrchristianq.github.io/chris-delicious-library/covers/games/legacy-of-kain-soul-reaver-2.jpg
World War III: Black Gold,https://mrchristianq.github.io/chris-delicious-library/covers/games/world-war-iii-black-gold.jpg
King's Field: The Ancient City,https://mrchristianq.github.io/chris-delicious-library/covers/games/kings-field-the-ancient-city.jpg
Shenmue II,https://mrchristianq.github.io/chris-delicious-library/covers/games/shenmue-ii.jpg
Final Fantasy X,https://mrchristianq.github.io/chris-delicious-library/covers/games/final-fantasy-x.jpg
Deathmatch Classic,https://mrchristianq.github.io/chris-delicious-library/covers/games/deathmatch-classic.jpg
Sega Smash Pack Volume 1,https://mrchristianq.github.io/chris-delicious-library/covers/games/sega-smash-pack-volume-1.jpg
Ricochet,https://mrchristianq.github.io/chris-delicious-library/covers/games/ricochet.jpg
Blair Witch Volume 1: Rustin Parr,https://mrchristianq.github.io/chris-delicious-library/covers/games/blair-witch-volume-1-rustin-parr.jpg
Dragon Warrior VII,https://mrchristianq.github.io/chris-delicious-library/covers/games/dragon-warrior-vii.jpg
Metal Gear Solid,https://mrchristianq.github.io/chris-delicious-library/covers/games/metal-gear-solid.jpg
Resident Evil Code: Veronica,https://mrchristianq.github.io/chris-delicious-library/covers/games/resident-evil-code-veronica.jpg
Half-Life: Opposing Force,https://mrchristianq.github.io/chris-delicious-library/covers/games/half-life-opposing-force.jpg
Resident Evil 3: Nemesis,https://mrchristianq.github.io/chris-delicious-library/covers/games/resident-evil-3-nemesis.jpg
Legacy of Kain: Soul Reaver,https://mrchristianq.github.io/chris-delicious-library/covers/games/legacy-of-kain-soul-reaver.jpg
Star Wars: Episode I - Racer,https://mrchristianq.github.io/chris-delicious-library/covers/games/star-wars-episode-i-racer.jpg
Team Fortress Classic,https://mrchristianq.github.io/chris-delicious-library/covers/games/team-fortress-classic.jpg
Pokémon Snap,https://mrchristianq.github.io/chris-delicious-library/covers/games/pokmon-snap.jpg
Crazy Taxi,https://mrchristianq.github.io/chris-delicious-library/covers/games/crazy-taxi.jpg
Evolution: The World of Sacred Device,https://mrchristianq.github.io/chris-delicious-library/covers/games/evolution-the-world-of-sacred-device.jpg
The Legend of Zelda: Link's Awakening DX,https://mrchristianq.github.io/chris-delicious-library/covers/games/the-legend-of-zelda-links-awakening-dx.jpg
Tomb Raider III: Adventures of Lara Croft,https://mrchristianq.github.io/chris-delicious-library/covers/games/tomb-raider-iii-adventures-of-lara-croft.jpg
Tomb Raider III: Adventures of Lara Croft,https://mrchristianq.github.io/chris-delicious-library/covers/games/tomb-raider-iii-adventures-of-lara-croft.jpg
Cool Boarders 3,https://mrchristianq.github.io/chris-delicious-library/covers/games/cool-boarders-3.jpg
Parasite Eve,https://mrchristianq.github.io/chris-delicious-library/covers/games/parasite-eve.jpg
Resident Evil 2,https://mrchristianq.github.io/chris-delicious-library/covers/games/resident-evil-2.jpg
Resident Evil 2,https://mrchristianq.github.io/chris-delicious-library/covers/games/resident-evil-2.jpg
Lords of the Fallen,https://mrchristianq.github.io/chris-delicious-library/covers/games/lords-of-the-fallen.jpg
Myth: The Fallen Lords,https://mrchristianq.github.io/chris-delicious-library/covers/games/myth-the-fallen-lords.jpg
Tomb Raider II,https://mrchristianq.github.io/chris-delicious-library/covers/games/tomb-raider-ii.jpg
Oddworld: Abe's Oddysee,https://mrchristianq.github.io/chris-delicious-library/covers/games/oddworld-abes-oddysee.jpg
Shadow Warrior,https://mrchristianq.github.io/chris-delicious-library/covers/games/shadow-warrior.jpg
Final Fantasy VII,https://mrchristianq.github.io/chris-delicious-library/covers/games/final-fantasy-vii.jpg
Jet Moto,https://mrchristianq.github.io/chris-delicious-library/covers/games/jet-moto.jpg
2Xtreme,https://mrchristianq.github.io/chris-delicious-library/covers/games/2xtreme.jpg
Tomb Raider,https://mrchristianq.github.io/chris-delicious-library/covers/games/tomb-raider.jpg
King's Field II,https://mrchristianq.github.io/chris-delicious-library/covers/games/kings-field-ii.jpg
Resident Evil,https://mrchristianq.github.io/chris-delicious-library/covers/games/resident-evil.jpg
Battle Arena Toshinden,https://mrchristianq.github.io/chris-delicious-library/covers/games/battle-arena-toshinden.jpg
Gex,https://mrchristianq.github.io/chris-delicious-library/covers/games/gex.jpg
The Lion King,https://mrchristianq.github.io/chris-delicious-library/covers/games/the-lion-king.jpg
Jurassic Park,https://mrchristianq.github.io/chris-delicious-library/covers/games/jurassic-park.jpg
Darkwood,https://mrchristianq.github.io/chris-delicious-library/covers/games/darkwood.jpg
The Simpsons: Bart vs. The Space Mutants,https://mrchristianq.github.io/chris-delicious-library/covers/games/the-simpsons-bart-vs-the-space-mutants.jpg
Populous,https://mrchristianq.github.io/chris-delicious-library/covers/games/populous.jpg
Ironsword: Wizards & Warriors II,https://mrchristianq.github.io/chris-delicious-library/covers/games/ironsword-wizards-warriors-ii.jpg
Fester's Quest,https://mrchristianq.github.io/chris-delicious-library/covers/games/festers-quest.jpg
Back to the Future,https://mrchristianq.github.io/chris-delicious-library/covers/games/back-to-the-future.jpg
Skate or Die,https://mrchristianq.github.io/chris-delicious-library/covers/games/skate-or-die.jpg
Bionic Commando,https://mrchristianq.github.io/chris-delicious-library/covers/games/bionic-commando.jpg
R.C. Pro-Am,https://mrchristianq.github.io/chris-delicious-library/covers/games/rc-pro-am.jpg
Town & Country Surf Designs: Wood & Water Rage,https://mrchristianq.github.io/chris-delicious-library/covers/games/town-country-surf-designs-wood-water-rage.jpg
Kung-Fu Master,https://mrchristianq.github.io/chris-delicious-library/covers/games/kung-fu-master.jpg
Faxanadu,https://mrchristianq.github.io/chris-delicious-library/covers/games/faxanadu.jpg
Shadowgate,https://mrchristianq.github.io/chris-delicious-library/covers/games/shadowgate.jpg
Confrontation,https://mrchristianq.github.io/chris-delicious-library/covers/games/confrontation.jpg
Fallout 3: The Pitt & Fallout 3: Operation Anchorage,https://mrchristianq.github.io/chris-delicious-library/covers/games/fallout-3-the-pitt-fallout-3-operation-anchorage.jpg
Cursed to Golf,https://mrchristianq.github.io/chris-delicious-library/covers/games/cursed-to-golf.jpg
Blackfrost: The Long Dark 2,https://mrchristianq.github.io/chris-delicious-library/covers/games/blackfrost-the-long-dark-2.jpg
Never Alone,https://mrchristianq.github.io/chris-delicious-library/covers/games/never-alone.jpg
Divinity: Original Sin II - Divine Edition,https://mrchristianq.github.io/chris-delicious-library/covers/games/divinity-original-sin-ii-divine-edition.jpg
Singularity,https://mrchristianq.github.io/chris-delicious-library/covers/games/singularity.jpg
Unreal Engine The Legend of Zelda: Ocarina of Time,https://mrchristianq.github.io/chris-delicious-library/covers/games/unreal-engine-the-legend-of-zelda-ocarina-of-time.jpg
Assassin's Creed Shadows: Claws of Awaji,https://mrchristianq.github.io/chris-delicious-library/covers/games/assassins-creed-shadows-claws-of-awaji.jpg
Fallout: New Vegas - Ultimate Edition,https://mrchristianq.github.io/chris-delicious-library/covers/games/fallout-new-vegas-ultimate-edition.jpg
Hades II,https://mrchristianq.github.io/chris-delicious-library/covers/games/hades-ii.jpg
Dispatch,https://mrchristianq.github.io/chris-delicious-library/covers/games/dispatch.jpg
Tormented Souls,https://mrchristianq.github.io/chris-delicious-library/covers/games/tormented-souls.jpg
V Rising,https://mrchristianq.github.io/chris-delicious-library/covers/games/v-rising.jpg
System Shock,https://mrchristianq.github.io/chris-delicious-library/covers/games/system-shock.jpg
Stranger of Paradise: Final Fantasy Origin,https://mrchristianq.github.io/chris-delicious-library/covers/games/stranger-of-paradise-final-fantasy-origin.jpg
Moonlighter 2: The Endless Vault,https://mrchristianq.github.io/chris-delicious-library/covers/games/moonlighter-2-the-endless-vault.jpg
Cronos: The New Dawn,https://mrchristianq.github.io/chris-delicious-library/covers/games/cronos-the-new-dawn.jpg
The Outer Worlds 2,https://mrchristianq.github.io/chris-delicious-library/covers/games/the-outer-worlds-2.jpg
Battlefield 6,https://mrchristianq.github.io/chris-delicious-library/covers/games/battlefield-6.jpg
LEGO 2K Drive,https://mrchristianq.github.io/chris-delicious-library/covers/games/lego-2k-drive.jpg
The Darkside Detective,https://mrchristianq.github.io/chris-delicious-library/covers/games/the-darkside-detective.jpg
The Jackbox Party Pack 4,https://mrchristianq.github.io/chris-delicious-library/covers/games/the-jackbox-party-pack-4.jpg
Borderlands 4,https://mrchristianq.github.io/chris-delicious-library/covers/games/borderlands-4.jpg
Mario Kart World,https://mrchristianq.github.io/chris-delicious-library/covers/games/mario-kart-world.jpg
S.T.A.L.K.E.R. 2: Heart of Chornobyl,https://mrchristianq.github.io/chris-delicious-library/covers/games/stalker-2-heart-of-chornobyl.jpg
Outer Wilds,https://mrchristianq.github.io/chris-delicious-library/covers/games/outer-wilds.jpg
Blades of Fire,https://mrchristianq.github.io/chris-delicious-library/covers/games/blades-of-fire.jpg
Atomfall,https://mrchristianq.github.io/chris-delicious-library/covers/games/atomfall.jpg
Crimson Desert,https://mrchristianq.github.io/chris-delicious-library/covers/games/crimson-desert.jpg
Dragon Quest VII Reimagined,https://mrchristianq.github.io/chris-delicious-library/covers/games/dragon-quest-vii-reimagined.jpg
Resident Evil Requiem,https://mrchristianq.github.io/chris-delicious-library/covers/games/resident-evil-requiem.jpg
Replaced,https://mrchristianq.github.io/chris-delicious-library/covers/games/replaced.jpg
007 First Light,https://mrchristianq.github.io/chris-delicious-library/covers/games/007-first-light.jpg
Saros,https://mrchristianq.github.io/chris-delicious-library/covers/games/saros.jpg
Grand Theft Auto VI,https://mrchristianq.github.io/chris-delicious-library/covers/games/grand-theft-auto-vi.jpg
Mixtape,https://mrchristianq.github.io/chris-delicious-library/covers/games/mixtape.jpg
ArcheAge Chronicles,https://mrchristianq.github.io/chris-delicious-library/covers/games/archeage-chronicles.jpg
Fable,https://mrchristianq.github.io/chris-delicious-library/covers/games/fable.jpg
Marvel 1943: Rise of Hydra,https://mrchristianq.github.io/chris-delicious-library/covers/games/marvel-1943-rise-of-hydra.jpg
Aphelion,https://mrchristianq.github.io/chris-delicious-library/covers/games/aphelion.jpg
Directive 8020,https://mrchristianq.github.io/chris-delicious-library/covers/games/directive-8020.jpg
The Blood of Dawnwalker,https://mrchristianq.github.io/chris-delicious-library/covers/games/the-blood-of-dawnwalker.jpg
Prince of Persia: The Sands of Time,https://mrchristianq.github.io/chris-delicious-library/covers/games/prince-of-persia-the-sands-of-time.jpg
Gothic Remake Collector's Edition,https://mrchristianq.github.io/chris-delicious-library/covers/games/gothic-remake-collectors-edition.jpg
Marvel's Wolverine,https://mrchristianq.github.io/chris-delicious-library/covers/games/marvels-wolverine.jpg
Decrepit,https://mrchristianq.github.io/chris-delicious-library/covers/games/decrepit.jpg
Tomb Raider: Legacy of Atlantis,https://mrchristianq.github.io/chris-delicious-library/covers/games/tomb-raider-legacy-of-atlantis.jpg
Viewfinder,https://mrchristianq.github.io/chris-delicious-library/covers/games/viewfinder.jpg
Trine Classic Collection,https://mrchristianq.github.io/chris-delicious-library/covers/games/trine-classic-collection.jpg
Assassin's Creed Unity,https://mrchristianq.github.io/chris-delicious-library/covers/games/assassins-creed-unity.jpg
Slay the Spire,https://mrchristianq.github.io/chris-delicious-library/covers/games/slay-the-spire.jpg
Ball x Pit,https://mrchristianq.github.io/chris-delicious-library/covers/games/ball-x-pit.jpg
Marble's Marbles,https://mrchristianq.github.io/chris-delicious-library/covers/games/marbles-marbles.jpg
Romeo is a Dead Man,https://mrchristianq.github.io/chris-delicious-library/covers/games/romeo-is-a-dead-man.jpg
Sonic Frontiers,https://mrchristianq.github.io/chris-delicious-library/covers/games/sonic-frontiers.jpg
Tomb Raider IV•V•VI Remastered,https://mrchristianq.github.io/chris-delicious-library/covers/games/tomb-raider-ivvvi-remastered.jpg
Hunt: Showdown 1896,https://mrchristianq.github.io/chris-delicious-library/covers/games/hunt-showdown-1896.jpg
Metal Slug Tactics,https://mrchristianq.github.io/chris-delicious-library/covers/games/metal-slug-tactics.jpg